接入单位,起始IP,终止IP
中国电信集团有限公司,14.22.78.34,14.22.78.34
中国电信集团有限公司,121.229.107.204,121.229.107.204
中国电信集团有限公司,14.22.77.133,14.22.77.133
中国电信集团有限公司,221.229.0.27,221.229.0.27
中国电信集团有限公司,14.22.83.227,14.22.83.227
中国电信集团有限公司,221.229.106.51,221.229.106.51
中国电信集团有限公司,14.22.86.142,14.22.86.142
中国电信集团有限公司,121.229.160.117,121.229.160.117
中国电信集团有限公司,14.22.84.72,14.22.84.72
中国电信集团有限公司,117.89.29.253,117.89.29.253
中国电信集团有限公司,14.22.85.111,14.22.85.111
中国电信集团有限公司,117.89.250.107,117.89.250.107
中国电信集团有限公司,14.22.72.52,14.22.72.52
中国电信集团有限公司,221.229.4.160,221.229.4.160
中国电信集团有限公司,14.22.86.24,14.22.86.24
中国电信集团有限公司,221.229.4.124,221.229.4.124
中国电信集团有限公司,14.22.78.43,14.22.78.43
中国电信集团有限公司,121.229.160.201,121.229.160.201
中国电信集团有限公司,14.22.75.154,14.22.75.154
中国电信集团有限公司,117.89.29.20,117.89.29.20
中国电信集团有限公司,14.22.113.137,14.22.113.137
中国电信集团有限公司,121.229.70.161,121.229.70.161
中国电信集团有限公司,14.22.74.235,14.22.74.235
中国电信集团有限公司,117.89.85.224,117.89.85.224
中国电信集团有限公司,14.22.85.188,14.22.85.188
中国电信集团有限公司,221.229.101.48,221.229.101.48
中国电信集团有限公司,14.22.81.215,14.22.81.215
中国电信集团有限公司,121.229.107.199,121.229.107.199
中国电信集团有限公司,14.22.74.125,14.22.74.125
中国电信集团有限公司,221.229.92.208,221.229.92.208
中国电信集团有限公司,14.22.85.162,14.22.85.162
中国电信集团有限公司,117.89.29.23,117.89.29.23
中国电信集团有限公司,14.22.87.156,14.22.87.156
中国电信集团有限公司,221.229.99.31,221.229.99.31
中国电信集团有限公司,14.22.72.116,14.22.72.116
中国电信集团有限公司,121.229.160.237,121.229.160.237
中国电信集团有限公司,14.22.74.124,14.22.74.124
中国电信集团有限公司,117.88.69.86,117.88.69.86
中国电信集团有限公司,14.22.89.167,14.22.89.167
中国电信集团有限公司,121.229.113.208,121.229.113.208
中国电信集团有限公司,14.22.75.186,14.22.75.186
中国电信集团有限公司,121.229.113.113,121.229.113.113
中国电信集团有限公司,14.22.77.203,14.22.77.203
中国电信集团有限公司,117.89.29.218,117.89.29.218
中国电信集团有限公司,14.22.83.126,14.22.83.126
中国电信集团有限公司,117.89.29.235,117.89.29.235
中国电信集团有限公司,14.22.73.230,14.22.73.230
中国电信集团有限公司,221.229.106.183,221.229.106.183
中国电信集团有限公司,14.22.74.151,14.22.74.151
中国电信集团有限公司,221.229.4.145,221.229.4.145
中国电信集团有限公司,14.22.86.97,14.22.86.97
中国电信集团有限公司,117.88.244.15,117.88.244.15
中国电信集团有限公司,14.22.83.81,14.22.83.81
中国电信集团有限公司,117.88.244.245,117.88.244.245
中国电信集团有限公司,219.151.184.33,219.151.184.33
中国电信集团有限公司,121.225.97.127,121.225.97.127
中国电信集团有限公司,219.151.181.33,219.151.181.33
中国电信集团有限公司,121.229.70.228,121.229.70.228
中国电信集团有限公司,219.151.181.225,219.151.181.225
中国电信集团有限公司,221.229.106.52,221.229.106.52
中国电信集团有限公司,219.151.184.53,219.151.184.53
中国电信集团有限公司,121.229.172.21,121.229.172.21
中国电信集团有限公司,219.151.183.139,219.151.183.139
中国电信集团有限公司,218.91.114.25,218.91.114.25
中国电信集团有限公司,219.151.181.102,219.151.181.102
中国电信集团有限公司,121.229.168.233,121.229.168.233
中国电信集团有限公司,113.249.103.3,113.249.103.3
中国电信集团有限公司,121.229.177.2,121.229.177.2
中国电信集团有限公司,219.151.184.121,219.151.184.121
中国电信集团有限公司,117.88.69.175,117.88.69.175
中国电信集团有限公司,219.151.191.52,219.151.191.52
中国电信集团有限公司,117.89.85.134,117.89.85.134
中国电信集团有限公司,219.151.179.125,219.151.179.125
中国电信集团有限公司,121.229.177.36,121.229.177.36
中国电信集团有限公司,219.151.188.60,219.151.188.60
中国电信集团有限公司,221.229.103.135,221.229.103.135
中国电信集团有限公司,219.151.190.179,219.151.190.179
中国电信集团有限公司,221.229.106.53,221.229.106.53
中国电信集团有限公司,113.249.101.6,113.249.101.6
中国电信集团有限公司,121.229.168.40,121.229.168.40
中国电信集团有限公司,219.151.179.134,219.151.179.134
中国电信集团有限公司,221.229.103.151,221.229.103.151
中国电信集团有限公司,219.151.184.221,219.151.184.221
中国电信集团有限公司,121.229.70.185,121.229.70.185
中国电信集团有限公司,219.151.184.223,219.151.184.223
中国电信集团有限公司,121.229.70.42,121.229.70.42
中国电信集团有限公司,219.151.182.166,219.151.182.166
中国电信集团有限公司,121.229.145.88,121.229.145.88
中国电信集团有限公司,219.151.182.123,219.151.182.123
中国电信集团有限公司,218.91.114.189,218.91.114.189
中国电信集团有限公司,219.151.183.4,219.151.183.4
中国电信集团有限公司,121.229.107.80,121.229.107.80
中国电信集团有限公司,219.151.191.53,219.151.191.53
中国电信集团有限公司,117.89.254.222,117.89.254.222
中国电信集团有限公司,219.151.182.164,219.151.182.164
中国电信集团有限公司,221.229.106.50,221.229.106.50
中国电信集团有限公司,219.151.176.68,219.151.176.68
中国电信集团有限公司,221.229.0.178,221.229.0.178
中国电信集团有限公司,113.249.101.178,113.249.101.178
中国电信集团有限公司,117.89.250.129,117.89.250.129
中国电信集团有限公司,219.151.184.222,219.151.184.222
中国电信集团有限公司,117.89.254.57,117.89.254.57
中国电信集团有限公司,113.249.101.18,113.249.101.18
中国电信集团有限公司,117.89.254.6,117.89.254.6
中国电信集团有限公司,219.151.182.51,219.151.182.51
中国电信集团有限公司,203.83.238.186,203.83.238.186
中国电信集团有限公司,219.151.182.68,219.151.182.68
中国电信集团有限公司,203.83.228.222,203.83.228.222
中国电信集团有限公司,219.151.188.57,219.151.188.57
中国电信集团有限公司,203.83.234.13,203.83.234.13
中国电信集团有限公司,219.151.184.236,219.151.184.236
中国电信集团有限公司,36.111.149.44,36.111.149.44
中国电信集团有限公司,219.151.182.71,219.151.182.71
中国电信集团有限公司,203.83.238.149,203.83.238.149
中国电信集团有限公司,219.151.181.57,219.151.181.57
中国电信集团有限公司,203.83.235.98,203.83.235.98
中国电信集团有限公司,219.151.191.81,219.151.191.81
中国电信集团有限公司,203.176.92.131,203.176.92.131
中国电信集团有限公司,219.151.182.101,219.151.182.101
中国电信集团有限公司,203.176.94.239,203.176.94.239
中国电信集团有限公司,219.151.182.74,219.151.182.74
中国电信集团有限公司,182.42.156.141,182.42.156.141
中国电信集团有限公司,219.151.191.64,219.151.191.64
中国电信集团有限公司,36.111.149.190,36.111.149.190
中国电信集团有限公司,219.151.182.16,219.151.182.16
中国电信集团有限公司,36.111.148.45,36.111.148.45
中国电信集团有限公司,219.151.188.93,219.151.188.93
中国电信集团有限公司,203.83.234.86,203.83.234.86
中国电信集团有限公司,219.151.187.172,219.151.187.172
中国电信集团有限公司,203.83.238.41,203.83.238.41
中国电信集团有限公司,219.151.178.64,219.151.178.64
中国电信集团有限公司,203.83.235.125,203.83.235.125
中国电信集团有限公司,219.151.178.255,219.151.178.255
中国电信集团有限公司,203.83.239.102,203.83.239.102
中国电信集团有限公司,219.151.178.45,219.151.178.45
中国电信集团有限公司,203.83.238.47,203.83.238.47
中国电信集团有限公司,219.151.180.90,219.151.180.90
中国电信集团有限公司,182.42.82.198,182.42.82.198
中国电信集团有限公司,219.151.185.55,219.151.185.55
中国电信集团有限公司,203.176.92.232,203.176.92.232
中国电信集团有限公司,219.151.182.165,219.151.182.165
中国电信集团有限公司,203.83.238.96,203.83.238.96
中国电信集团有限公司,113.249.102.84,113.249.102.84
中国电信集团有限公司,182.42.121.34,182.42.121.34
中国电信集团有限公司,219.151.182.95,219.151.182.95
中国电信集团有限公司,150.223.192.73,150.223.192.73
中国电信集团有限公司,219.151.182.84,219.151.182.84
中国电信集团有限公司,203.83.238.99,203.83.238.99
中国电信集团有限公司,219.151.181.71,219.151.181.71
中国电信集团有限公司,36.111.149.160,36.111.149.160
中国电信集团有限公司,219.151.182.118,219.151.182.118
中国电信集团有限公司,203.83.232.140,203.83.232.140
中国电信集团有限公司,219.151.191.187,219.151.191.187
中国电信集团有限公司,36.111.151.41,36.111.151.41
中国电信集团有限公司,219.151.189.67,219.151.189.67
中国电信集团有限公司,150.223.193.53,150.223.193.53
中国电信集团有限公司,219.151.180.175,219.151.180.175
中国电信集团有限公司,182.42.125.205,182.42.125.205
中国电信集团有限公司,219.151.184.52,219.151.184.52
中国电信集团有限公司,203.83.234.151,203.83.234.151
中国电信集团有限公司,219.151.188.239,219.151.188.239
中国电信集团有限公司,150.223.194.105,150.223.194.105
中国电信集团有限公司,219.151.188.87,219.151.188.87
中国电信集团有限公司,203.83.236.77,203.83.236.77
中国电信集团有限公司,219.151.188.185,219.151.188.185
中国电信集团有限公司,203.83.238.38,203.83.238.38
中国电信集团有限公司,180.125.216.84,180.125.216.84
中国电信集团有限公司,182.42.93.169,182.42.93.169
中国电信集团有限公司,114.217.11.90,114.217.11.90
中国电信集团有限公司,203.83.235.28,203.83.235.28
中国电信集团有限公司,175.12.105.104,175.12.105.220
中国电信集团有限公司,49.64.242.81,49.64.242.81
中国电信集团有限公司,203.83.228.9,203.83.228.9
中国电信集团有限公司,175.12.105.0,175.12.105.102
中国电信集团有限公司,180.100.206.221,180.100.206.221
中国电信集团有限公司,203.176.93.58,203.176.93.58
中国电信集团有限公司,175.12.109.0,175.12.109.255
中国电信集团有限公司,114.217.9.179,114.217.9.179
中国电信集团有限公司,203.176.93.181,203.176.93.181
中国电信集团有限公司,117.68.126.10,117.68.126.12
中国电信集团有限公司,58.209.83.169,58.209.83.169
中国电信集团有限公司,203.83.237.110,203.83.237.110
中国电信集团有限公司,125.122.36.177,125.122.36.177
中国电信集团有限公司,117.83.152.143,117.83.152.143
中国电信集团有限公司,203.83.236.160,203.83.236.160
中国电信集团有限公司,125.122.32.1,125.122.32.1
中国电信集团有限公司,114.217.21.238,114.217.21.238
中国电信集团有限公司,150.223.196.15,150.223.196.15
中国电信集团有限公司,175.12.106.91,175.12.106.91
中国电信集团有限公司,114.220.179.65,114.220.179.65
中国电信集团有限公司,175.12.106.90,175.12.106.90
中国电信集团有限公司,117.68.126.13,117.68.126.13
中国电信集团有限公司,117.68.126.9,117.68.126.9
中国电信集团有限公司,117.68.126.8,117.68.126.8
中国电信集团有限公司,175.12.106.70,175.12.106.70
中国电信集团有限公司,240e:930:8200:300::,240e:930:8200:300:ffff:ffff:ffff:ffff
中国电信集团有限公司,117.68.126.0,117.68.126.7
中国电信集团有限公司,240e:090c:2100:0000:0000:0000:0000:0000,240e:090c:21ff:ffff:ffff:ffff:ffff:ffff
中国电信集团有限公司,119.96.55.224,119.96.55.239
中国电信集团有限公司,240e:930:8200:3ff::,240e:930:8200:3ff:ffff:ffff:ffff:ffff
中国电信集团有限公司,219.152.187.0,219.152.187.255
中国电信集团有限公司,113.250.85.160,113.250.85.175
中国电信集团有限公司,30.31.11.64,30.31.11.127
中国电信集团有限公司,240e:659:3b0:400::,240e:659:3b0:4ff:ffff:ffff:ffff:ffff
中国电信集团有限公司,113.134.239.0,113.134.239.255
中国电信集团有限公司,113.134.238.128,113.134.238.255
中国电信集团有限公司,240e:0900:0006::,240e:0900:0006::ffff
中国电信集团有限公司,240e:0900:0005::,240e:0900:0005::ffff
中国电信集团有限公司,106.63.101.0,106.63.101.255
中国电信集团有限公司,106.63.100.0,106.63.100.255
中国电信集团有限公司,175.12.105.103,175.12.105.103
中国电信集团有限公司,175.12.103.24,175.12.103.255
中国电信集团有限公司,60.165.235.0,60.165.235.255
中国电信集团有限公司,125.122.86.1,125.122.87.254
中国电信集团有限公司,125.122.12.1,125.122.15.254
中国电信集团有限公司,42.248.142.0,42.248.142.255
中国电信集团有限公司,106.63.102.0,106.63.102.255
中国电信集团有限公司,121.224.96.97,121.224.96.97
中国电信集团有限公司,49.7.230.169,49.7.230.169
中国电信集团有限公司,114.217.18.219,114.217.18.219
中国电信集团有限公司,49.7.228.202,49.7.228.202
中国电信集团有限公司,117.80.186.101,117.80.186.101
中国电信集团有限公司,49.7.222.73,49.7.222.73
中国电信集团有限公司,58.208.84.180,58.208.84.180
中国电信集团有限公司,49.7.212.135,49.7.212.135
中国电信集团有限公司,180.103.112.1,180.103.112.1
中国电信集团有限公司,49.7.215.225,49.7.215.225
中国电信集团有限公司,121.224.74.198,121.224.74.198
中国电信集团有限公司,49.7.202.13,49.7.202.13
中国电信集团有限公司,221.229.221.111,221.229.221.111
中国电信集团有限公司,49.7.222.231,49.7.222.231
中国电信集团有限公司,121.229.36.243,121.229.36.243
中国电信集团有限公司,49.7.183.113,49.7.183.113
中国电信集团有限公司,121.229.45.45,121.229.45.45
中国电信集团有限公司,49.7.179.159,49.7.179.159
中国电信集团有限公司,180.100.216.55,180.100.216.55
中国电信集团有限公司,49.7.206.176,49.7.206.176
中国电信集团有限公司,121.229.55.57,121.229.55.57
中国电信集团有限公司,49.7.213.203,49.7.213.203
中国电信集团有限公司,114.219.56.173,114.219.56.173
中国电信集团有限公司,49.7.227.238,49.7.227.238
中国电信集团有限公司,49.64.85.20,49.64.85.20
中国电信集团有限公司,49.7.135.204,49.7.135.204
中国电信集团有限公司,121.229.4.19,121.229.4.19
中国电信集团有限公司,49.7.216.217,49.7.216.217
中国电信集团有限公司,117.80.234.34,117.80.234.34
中国电信集团有限公司,49.7.228.170,49.7.228.170
中国电信集团有限公司,114.219.56.34,114.219.56.34
中国电信集团有限公司,49.7.228.38,49.7.228.38
中国电信集团有限公司,221.229.217.150,221.229.217.150
中国电信集团有限公司,49.7.221.214,49.7.221.214
中国电信集团有限公司,117.83.110.181,117.83.110.181
中国电信集团有限公司,49.7.210.164,49.7.210.164
中国电信集团有限公司,117.62.22.1,117.62.22.1
中国电信集团有限公司,49.7.133.24,49.7.133.24
中国电信集团有限公司,117.83.83.32,117.83.83.32
中国电信集团有限公司,49.7.226.188,49.7.226.188
中国电信集团有限公司,121.228.250.92,121.228.250.92
中国电信集团有限公司,49.7.134.185,49.7.134.185
中国电信集团有限公司,180.101.21.228,180.101.21.228
中国电信集团有限公司,49.7.224.155,49.7.224.155
中国电信集团有限公司,121.224.6.100,121.224.6.100
中国电信集团有限公司,49.7.204.214,49.7.204.214
中国电信集团有限公司,114.217.35.165,114.217.35.165
中国电信集团有限公司,49.7.231.60,49.7.231.60
中国电信集团有限公司,114.217.149.35,114.217.149.35
中国电信集团有限公司,49.7.179.147,49.7.179.147
中国电信集团有限公司,180.100.198.141,180.100.198.141
中国电信集团有限公司,49.7.212.222,49.7.212.222
中国电信集团有限公司,180.106.80.252,180.106.80.252
中国电信集团有限公司,49.7.214.27,49.7.214.27
中国电信集团有限公司,49.64.86.83,49.64.86.83
中国电信集团有限公司,49.7.208.15,49.7.208.15
中国电信集团有限公司,121.229.29.12,121.229.29.12
中国电信集团有限公司,49.7.226.119,49.7.226.119
中国电信集团有限公司,117.81.233.92,117.81.233.92
中国电信集团有限公司,49.7.230.71,49.7.230.71
中国电信集团有限公司,180.109.253.192,180.109.253.192
中国电信集团有限公司,49.7.212.176,49.7.212.176
中国电信集团有限公司,117.80.151.213,117.80.151.213
中国电信集团有限公司,49.7.203.78,49.7.203.78
中国电信集团有限公司,121.229.49.133,121.229.49.133
中国电信集团有限公司,49.7.230.198,49.7.230.198
中国电信集团有限公司,121.228.6.38,121.228.6.38
中国电信集团有限公司,49.7.218.36,49.7.218.36
中国电信集团有限公司,121.224.76.0,121.224.76.0
中国电信集团有限公司,49.7.212.227,49.7.212.227
中国电信集团有限公司,114.217.48.34,114.217.48.34
中国电信集团有限公司,49.7.207.214,49.7.207.214
中国电信集团有限公司,114.217.15.78,114.217.15.78
中国电信集团有限公司,49.7.225.34,49.7.225.34
中国电信集团有限公司,180.103.103.219,180.103.103.219
中国电信集团有限公司,203.56.192.150,203.56.192.150
中国电信集团有限公司,114.217.27.106,114.217.27.106
中国电信集团有限公司,203.56.110.225,203.56.110.225
中国电信集团有限公司,121.224.77.137,121.224.77.137
中国电信集团有限公司,36.111.65.114,36.111.65.114
中国电信集团有限公司,121.229.60.232,121.229.60.232
中国电信集团有限公司,171.220.232.49,171.220.232.49
中国电信集团有限公司,121.229.60.64,121.229.60.64
中国电信集团有限公司,203.25.209.119,203.25.209.119
中国电信集团有限公司,49.73.43.52,49.73.43.52
中国电信集团有限公司,203.25.209.81,203.25.209.81
中国电信集团有限公司,121.229.40.31,121.229.40.31
中国电信集团有限公司,203.25.223.90,203.25.223.90
中国电信集团有限公司,117.80.118.137,117.80.118.137
中国电信集团有限公司,203.25.208.111,203.25.208.111
中国电信集团有限公司,222.93.39.251,222.93.39.251
中国电信集团有限公司,203.56.185.76,203.56.185.76
中国电信集团有限公司,114.220.176.190,114.220.176.190
中国电信集团有限公司,203.25.210.243,203.25.210.243
中国电信集团有限公司,221.225.83.77,221.225.83.77
中国电信集团有限公司,203.25.212.129,203.25.212.129
中国电信集团有限公司,114.220.176.246,114.220.176.246
中国电信集团有限公司,203.56.1.130,203.56.1.130
中国电信集团有限公司,121.224.6.138,121.224.6.138
中国电信集团有限公司,203.56.12.35,203.56.12.35
中国电信集团有限公司,125.122.39.29,125.122.39.29
中国电信集团有限公司,203.56.121.203,203.56.121.203
中国电信集团有限公司,125.122.154.140,125.122.154.140
中国电信集团有限公司,203.25.211.134,203.25.211.134
中国电信集团有限公司,125.122.157.239,125.122.157.239
中国电信集团有限公司,203.55.196.104,203.55.196.104
中国电信集团有限公司,125.122.38.85,125.122.38.85
中国电信集团有限公司,203.25.215.9,203.25.215.9
中国电信集团有限公司,125.122.39.229,125.122.39.229
中国电信集团有限公司,203.25.221.225,203.25.221.225
中国电信集团有限公司,125.122.38.1,125.122.38.1
中国电信集团有限公司,203.56.1.145,203.56.1.145
中国电信集团有限公司,125.122.157.49,125.122.157.49
中国电信集团有限公司,36.111.67.183,36.111.67.183
中国电信集团有限公司,125.122.39.24,125.122.39.24
中国电信集团有限公司,203.56.201.185,203.56.201.185
中国电信集团有限公司,125.122.157.232,125.122.157.232
中国电信集团有限公司,203.25.220.91,203.25.220.91
中国电信集团有限公司,125.122.39.135,125.122.39.135
中国电信集团有限公司,203.25.212.252,203.25.212.252
中国电信集团有限公司,125.122.154.101,125.122.154.101
中国电信集团有限公司,36.111.69.192,36.111.69.192
中国电信集团有限公司,125.122.157.21,125.122.157.21
中国电信集团有限公司,203.25.216.15,203.25.216.15
中国电信集团有限公司,125.122.39.219,125.122.39.219
中国电信集团有限公司,203.55.224.28,203.55.224.28
中国电信集团有限公司,125.122.39.194,125.122.39.194
中国电信集团有限公司,203.25.208.80,203.25.208.80
中国电信集团有限公司,125.122.155.55,125.122.155.55
中国电信集团有限公司,36.111.69.91,36.111.69.91
中国电信集团有限公司,125.122.156.128,125.122.156.128
中国电信集团有限公司,203.56.12.68,203.56.12.68
中国电信集团有限公司,125.122.157.233,125.122.157.233
中国电信集团有限公司,203.56.192.30,203.56.192.30
中国电信集团有限公司,125.122.38.241,125.122.38.241
中国电信集团有限公司,36.111.71.102,36.111.71.102
中国电信集团有限公司,125.122.156.24,125.122.156.24
中国电信集团有限公司,203.56.12.6,203.56.12.6
中国电信集团有限公司,125.122.154.217,125.122.154.217
中国电信集团有限公司,203.56.187.216,203.56.187.216
中国电信集团有限公司,125.122.155.57,125.122.155.57
中国电信集团有限公司,203.56.110.106,203.56.110.106
中国电信集团有限公司,125.122.38.169,125.122.38.169
中国电信集团有限公司,203.56.185.176,203.56.185.176
中国电信集团有限公司,125.122.37.173,125.122.37.173
中国电信集团有限公司,203.25.220.38,203.25.220.38
中国电信集团有限公司,125.122.38.2,125.122.38.2
中国电信集团有限公司,203.25.209.124,203.25.209.124
中国电信集团有限公司,125.122.157.153,125.122.157.153
中国电信集团有限公司,203.55.224.157,203.55.224.157
中国电信集团有限公司,125.122.155.98,125.122.155.98
中国电信集团有限公司,203.56.185.216,203.56.185.216
中国电信集团有限公司,125.122.39.26,125.122.39.26
中国电信集团有限公司,36.111.68.167,36.111.68.167
中国电信集团有限公司,125.122.39.23,125.122.39.23
中国电信集团有限公司,36.111.69.10,36.111.69.10
中国电信集团有限公司,125.122.155.199,125.122.155.199
中国电信集团有限公司,36.111.67.154,36.111.67.154
中国电信集团有限公司,125.122.157.238,125.122.157.238
中国电信集团有限公司,203.25.220.101,203.25.220.101
中国电信集团有限公司,125.122.156.211,125.122.156.211
中国电信集团有限公司,203.25.208.233,203.25.208.233
中国电信集团有限公司,125.122.39.27,125.122.39.27
中国电信集团有限公司,171.220.232.211,171.220.232.211
中国电信集团有限公司,125.122.39.136,125.122.39.136
中国电信集团有限公司,14.22.78.92,14.22.78.92
中国电信集团有限公司,125.122.157.234,125.122.157.234
中国电信集团有限公司,14.22.73.239,14.22.73.239
中国电信集团有限公司,125.122.39.22,125.122.39.22
中国电信集团有限公司,14.22.85.165,14.22.85.165
中国电信集团有限公司,125.122.39.137,125.122.39.137
中国电信集团有限公司,14.22.73.240,14.22.73.240
中国电信集团有限公司,125.122.39.35,125.122.39.35
中国电信集团有限公司,14.22.82.16,14.22.82.16
中国电信集团有限公司,125.122.39.28,125.122.39.28
中国电信集团有限公司,14.22.81.244,14.22.81.244
中国电信集团有限公司,125.122.155.56,125.122.155.56
中国电信集团有限公司,14.22.87.50,14.22.87.50
中国电信集团有限公司,125.122.156.185,125.122.156.185
中国电信集团有限公司,14.22.87.148,14.22.87.148
中国电信集团有限公司,125.122.157.231,125.122.157.231
中国电信集团有限公司,14.22.78.39,14.22.78.39
中国电信集团有限公司,117.88.69.155,117.88.69.155
中国电信集团有限公司,14.22.86.179,14.22.86.179
中国电信集团有限公司,117.89.85.45,117.89.85.45
中国电信集团有限公司,14.22.85.216,14.22.85.216
中国电信集团有限公司,121.229.107.195,121.229.107.195
中国电信集团有限公司,14.22.78.18,14.22.78.18
中国电信集团有限公司,117.88.94.77,117.88.94.77
中国电信集团有限公司,14.22.73.161,14.22.73.161
中国电信集团有限公司,218.91.114.250,218.91.114.250
中国电信集团有限公司,14.22.73.118,14.22.73.118
中国电信集团有限公司,117.89.254.22,117.89.254.22
中国电信集团有限公司,14.22.75.64,14.22.75.64
中国电信集团有限公司,221.229.107.238,221.229.107.238
中国电信集团有限公司,14.22.72.90,14.22.72.90
中国电信集团有限公司,121.229.107.178,121.229.107.178
中国电信集团有限公司,14.22.86.122,14.22.86.122
中国电信集团有限公司,121.229.168.199,121.229.168.199
中国电信集团有限公司,14.22.81.230,14.22.81.230
中国电信集团有限公司,121.229.168.236,121.229.168.236
中国电信集团有限公司,14.22.73.241,14.22.73.241
中国电信集团有限公司,117.89.250.181,117.89.250.181
中国电信集团有限公司,14.22.83.35,14.22.83.35
中国电信集团有限公司,117.89.29.194,117.89.29.194
中国电信集团有限公司,14.22.89.0,14.22.89.0
中国电信集团有限公司,221.229.0.172,221.229.0.172
中国电信集团有限公司,14.22.75.67,14.22.75.67
中国电信集团有限公司,117.89.29.95,117.89.29.95
中国电信集团有限公司,14.22.74.44,14.22.74.44
中国电信集团有限公司,221.229.107.203,221.229.107.203
中国电信集团有限公司,14.22.88.83,14.22.88.83
中国电信集团有限公司,121.229.175.122,121.229.175.122
中国电信集团有限公司,14.22.75.226,14.22.75.226
中国电信集团有限公司,218.91.114.218,218.91.114.218
中国电信集团有限公司,14.22.75.215,14.22.75.215
中国电信集团有限公司,117.89.254.59,117.89.254.59
中国电信集团有限公司,118.253.180.38,118.253.180.38
中国电信集团有限公司,118.253.182.153,118.253.182.153
中国电信集团有限公司,118.253.182.187,118.253.182.187
中国电信集团有限公司,182.43.17.244,182.43.17.244
中国电信集团有限公司,118.253.179.212,118.253.179.212
中国电信集团有限公司,118.253.178.5,118.253.178.5
中国电信集团有限公司,218.78.56.166,218.78.56.166
中国电信集团有限公司,36.111.68.46,36.111.68.46
中国电信集团有限公司,113.250.191.202,113.250.191.202
中国电信集团有限公司,121.229.160.145,121.229.160.145
中国电信集团有限公司,220.154.128.135,220.154.128.135
中国电信集团有限公司,115.227.24.73,115.227.24.73
中国电信集团有限公司,183.134.89.178,183.134.89.178
中国电信集团有限公司,203.56.110.130,203.56.110.130
中国电信集团有限公司,117.80.186.187,117.80.186.187
中国电信集团有限公司,118.253.181.174,118.253.181.174
中国电信集团有限公司,36.111.67.83,36.111.67.83
中国电信集团有限公司,180.106.150.60,180.106.150.60
中国电信集团有限公司,203.25.213.125,203.25.213.125
中国电信集团有限公司,125.122.152.216,125.122.152.216
中国电信集团有限公司,125.122.36.178,125.122.36.255
中国电信集团有限公司,125.122.36.0,125.122.36.176
中国电信集团有限公司,125.122.32.2,125.122.35.254
中国电信集团有限公司,175.12.108.0,175.12.108.255
中国电信集团有限公司,175.12.107.0,175.12.107.255
中国电信集团有限公司,175.12.106.218,175.12.106.255
中国电信集团有限公司,175.12.106.92,175.12.106.216
中国电信集团有限公司,175.12.106.71,175.12.106.89
中国电信集团有限公司,175.12.106.0,175.12.106.69
中国电信集团有限公司,175.12.105.222,175.12.105.254
中国电信集团有限公司,36.111.151.15,36.111.151.15
中国电信集团有限公司,203.83.232.34,203.83.232.34
中国电信集团有限公司,36.111.151.235,36.111.151.235
中国电信集团有限公司,203.83.238.43,203.83.238.43
中国电信集团有限公司,182.42.60.65,182.42.60.65
中国电信集团有限公司,203.83.236.150,203.83.236.150
中国电信集团有限公司,203.83.236.186,203.83.236.186
中国电信集团有限公司,36.111.151.88,36.111.151.88
中国电信集团有限公司,182.42.99.168,182.42.99.168
中国电信集团有限公司,36.111.151.74,36.111.151.74
中国电信集团有限公司,203.83.237.238,203.83.237.238
中国电信集团有限公司,203.176.92.38,203.176.92.38
中国电信集团有限公司,203.83.235.234,203.83.235.234
中国电信集团有限公司,150.223.196.74,150.223.196.74
中国电信集团有限公司,150.223.192.80,150.223.192.80
中国电信集团有限公司,203.83.232.145,203.83.232.145
中国电信集团有限公司,203.176.94.236,203.176.94.236
中国电信集团有限公司,182.42.57.84,182.42.57.84
中国电信集团有限公司,203.176.92.137,203.176.92.137
中国电信集团有限公司,150.223.198.113,150.223.198.113
中国电信集团有限公司,203.83.234.58,203.83.234.58
中国电信集团有限公司,203.176.94.147,203.176.94.147
中国电信集团有限公司,203.83.235.138,203.83.235.138
中国电信集团有限公司,182.42.69.209,182.42.69.209
中国电信集团有限公司,150.223.196.14,150.223.196.14
中国电信集团有限公司,203.176.95.99,203.176.95.99
中国电信集团有限公司,203.176.92.231,203.176.92.231
中国电信集团有限公司,203.83.236.60,203.83.236.60
中国电信集团有限公司,203.83.228.236,203.83.228.236
中国电信集团有限公司,182.42.101.137,182.42.101.137
中国电信集团有限公司,36.111.151.111,36.111.151.111
中国电信集团有限公司,203.83.234.207,203.83.234.207
中国电信集团有限公司,203.176.93.189,203.176.93.189
中国电信集团有限公司,150.223.192.45,150.223.192.45
中国电信集团有限公司,203.83.237.140,203.83.237.140
中国电信集团有限公司,203.83.233.16,203.83.233.16
中国电信集团有限公司,36.111.148.145,36.111.148.145
中国电信集团有限公司,36.111.149.28,36.111.149.28
中国电信集团有限公司,36.111.150.211,36.111.150.211
中国电信集团有限公司,203.176.92.112,203.176.92.112
中国电信集团有限公司,36.111.148.123,36.111.148.123
中国电信集团有限公司,203.176.94.240,203.176.94.240
中国电信集团有限公司,182.42.127.161,182.42.127.161
中国电信集团有限公司,203.83.234.236,203.83.234.236
中国电信集团有限公司,203.83.234.14,203.83.234.14
中国电信集团有限公司,203.176.94.125,203.176.94.125
中国电信集团有限公司,203.176.95.172,203.176.95.172
中国电信集团有限公司,203.83.235.148,203.83.235.148
中国电信集团有限公司,36.111.151.2,36.111.151.2
中国电信集团有限公司,203.176.94.238,203.176.94.238
中国电信集团有限公司,203.83.234.12,203.83.234.12
中国电信集团有限公司,36.111.150.78,36.111.150.78
中国电信集团有限公司,203.83.235.141,203.83.235.141
中国电信集团有限公司,150.223.194.95,150.223.194.95
中国电信集团有限公司,203.83.236.145,203.83.236.145
中国电信集团有限公司,203.83.234.159,203.83.234.159
中国电信集团有限公司,203.83.234.131,203.83.234.131
中国电信集团有限公司,150.223.193.31,150.223.193.31
中国电信集团有限公司,36.111.149.171,36.111.149.171
中国电信集团有限公司,203.83.233.235,203.83.233.235
中国电信集团有限公司,203.83.234.123,203.83.234.123
中国电信集团有限公司,182.42.95.152,182.42.95.152
中国电信集团有限公司,150.223.198.112,150.223.198.112
中国电信集团有限公司,203.83.239.145,203.83.239.145
中国电信集团有限公司,203.83.233.244,203.83.233.244
中国电信集团有限公司,36.111.149.94,36.111.149.94
中国电信集团有限公司,203.176.92.44,203.176.92.44
中国电信集团有限公司,118.253.158.106,118.253.158.106
中国电信集团有限公司,203.3.112.148,203.3.112.148
中国电信集团有限公司,203.3.112.231,203.3.112.231
中国电信集团有限公司,36.111.200.126,36.111.200.126
中国电信集团有限公司,203.2.116.151,203.2.116.151
中国电信集团有限公司,118.253.159.39,118.253.159.39
中国电信集团有限公司,118.253.181.171,118.253.181.171
中国电信集团有限公司,118.253.182.53,118.253.182.53
中国电信集团有限公司,118.253.178.204,118.253.178.204
中国电信集团有限公司,118.253.149.17,118.253.149.17
中国电信集团有限公司,118.253.178.135,118.253.178.135
中国电信集团有限公司,118.253.181.50,118.253.181.50
中国电信集团有限公司,118.253.179.28,118.253.179.28
中国电信集团有限公司,203.3.112.163,203.3.112.163
中国电信集团有限公司,203.3.113.50,203.3.113.50
中国电信集团有限公司,113.219.175.212,113.219.175.212
中国电信集团有限公司,36.111.204.38,36.111.204.38
中国电信集团有限公司,36.111.205.106,36.111.205.106
中国电信集团有限公司,118.253.180.131,118.253.180.131
中国电信集团有限公司,118.253.180.144,118.253.180.144
中国电信集团有限公司,118.253.182.14,118.253.182.14
中国电信集团有限公司,203.3.115.155,203.3.115.155
中国电信集团有限公司,118.253.181.22,118.253.181.22
中国电信集团有限公司,36.111.204.94,36.111.204.94
中国电信集团有限公司,203.3.113.129,203.3.113.129
中国电信集团有限公司,36.111.200.108,36.111.200.108
中国电信集团有限公司,118.253.159.89,118.253.159.89
中国电信集团有限公司,203.3.113.30,203.3.113.30
中国电信集团有限公司,203.3.112.144,203.3.112.144
中国电信集团有限公司,118.253.159.55,118.253.159.55
中国电信集团有限公司,118.253.156.132,118.253.156.132
中国电信集团有限公司,203.3.115.166,203.3.115.166
中国电信集团有限公司,118.253.181.192,118.253.181.192
中国电信集团有限公司,118.253.179.8,118.253.179.8
中国电信集团有限公司,118.253.158.132,118.253.158.132
中国电信集团有限公司,118.253.159.94,118.253.159.94
中国电信集团有限公司,36.111.205.237,36.111.205.237
中国电信集团有限公司,203.3.112.146,203.3.112.146
中国电信集团有限公司,118.253.149.9,118.253.149.9
中国电信集团有限公司,203.3.112.185,203.3.112.185
中国电信集团有限公司,203.2.116.55,203.2.116.55
中国电信集团有限公司,118.253.156.250,118.253.156.250
中国电信集团有限公司,203.2.117.243,203.2.117.243
中国电信集团有限公司,118.253.178.175,118.253.178.175
中国电信集团有限公司,36.111.204.134,36.111.204.134
中国电信集团有限公司,118.253.178.239,118.253.178.239
中国电信集团有限公司,118.253.179.207,118.253.179.207
中国电信集团有限公司,118.253.150.171,118.253.150.171
中国电信集团有限公司,118.253.150.49,118.253.150.49
中国电信集团有限公司,203.3.113.35,203.3.113.35
中国电信集团有限公司,203.2.116.17,203.2.116.17
中国电信集团有限公司,203.3.112.84,203.3.112.84
中国电信集团有限公司,118.253.180.147,118.253.180.147
中国电信集团有限公司,118.253.182.100,118.253.182.100
中国电信集团有限公司,36.111.204.89,36.111.204.89
中国电信集团有限公司,118.253.150.10,118.253.150.10
中国电信集团有限公司,118.253.179.239,118.253.179.239
中国电信集团有限公司,203.2.115.182,203.2.115.182
中国电信集团有限公司,36.111.200.109,36.111.200.109
中国电信集团有限公司,36.111.205.222,36.111.205.222
中国电信集团有限公司,118.253.180.155,118.253.180.155
中国电信集团有限公司,118.253.158.71,118.253.158.71
中国电信集团有限公司,118.253.182.132,118.253.182.132
中国电信集团有限公司,118.253.158.124,118.253.158.124
中国电信集团有限公司,203.2.116.23,203.2.116.23
中国电信集团有限公司,36.111.205.236,36.111.205.236
中国电信集团有限公司,118.253.182.161,118.253.182.161
中国电信集团有限公司,203.3.112.47,203.3.112.47
中国电信集团有限公司,118.253.150.245,118.253.150.245
中国电信集团有限公司,118.253.157.92,118.253.157.92
中国电信集团有限公司,203.3.114.15,203.3.114.15
中国电信集团有限公司,118.253.183.97,118.253.183.97
中国电信集团有限公司,118.253.178.31,118.253.178.31
中国电信集团有限公司,203.3.112.17,203.3.112.17
中国电信集团有限公司,118.253.182.99,118.253.182.99
中国电信集团有限公司,118.253.159.232,118.253.159.232
中国电信集团有限公司,203.3.112.123,203.3.112.123
中国电信集团有限公司,182.43.19.34,182.43.19.34
中国电信集团有限公司,118.253.150.9,118.253.150.9
中国电信集团有限公司,182.43.19.166,182.43.19.166
中国电信集团有限公司,203.3.115.118,203.3.115.118
中国电信集团有限公司,118.253.183.202,118.253.183.202
中国电信集团有限公司,36.111.204.5,36.111.204.5
中国电信集团有限公司,36.111.200.140,36.111.200.140
中国电信集团有限公司,203.3.115.99,203.3.115.99
中国电信集团有限公司,203.3.112.121,203.3.112.121
中国电信集团有限公司,118.253.177.167,118.253.177.167
中国电信集团有限公司,118.253.182.191,118.253.182.191
中国电信集团有限公司,118.253.178.178,118.253.178.178
中国电信集团有限公司,36.111.200.114,36.111.200.114
中国电信集团有限公司,182.43.24.217,182.43.24.217
中国电信集团有限公司,118.253.150.64,118.253.150.64
中国电信集团有限公司,118.253.156.62,118.253.156.62
中国电信集团有限公司,118.253.159.40,118.253.159.40
中国电信集团有限公司,36.111.200.107,36.111.200.107
中国电信集团有限公司,118.253.159.160,118.253.159.160
中国电信集团有限公司,203.2.116.15,203.2.116.15
中国电信集团有限公司,203.2.116.56,203.2.116.56
中国电信集团有限公司,118.253.156.29,118.253.156.29
中国电信集团有限公司,182.43.26.123,182.43.26.123
中国电信集团有限公司,118.253.158.138,118.253.158.138
中国电信集团有限公司,36.111.205.183,36.111.205.183
中国电信集团有限公司,118.253.150.48,118.253.150.48
中国电信集团有限公司,203.2.164.172,203.2.164.172
中国电信集团有限公司,203.2.165.190,203.2.165.190
中国电信集团有限公司,113.141.73.115,113.141.73.115
中国电信集团有限公司,203.2.164.196,203.2.164.196
中国电信集团有限公司,203.2.164.32,203.2.164.32
中国电信集团有限公司,203.2.164.170,203.2.164.170
中国电信集团有限公司,203.2.164.21,203.2.164.21
中国电信集团有限公司,203.2.160.5,203.2.160.5
中国电信集团有限公司,203.2.160.137,203.2.160.137
中国电信集团有限公司,113.141.70.166,113.141.70.166
中国电信集团有限公司,113.141.73.183,113.141.73.183
中国电信集团有限公司,203.2.164.175,203.2.164.175
中国电信集团有限公司,203.2.164.12,203.2.164.12
中国电信集团有限公司,203.2.165.196,203.2.165.196
中国电信集团有限公司,203.2.165.251,203.2.165.251
中国电信集团有限公司,113.141.72.86,113.141.72.86
中国电信集团有限公司,113.141.73.196,113.141.73.196
中国电信集团有限公司,203.2.164.169,203.2.164.169
中国电信集团有限公司,203.2.164.8,203.2.164.8
中国电信集团有限公司,49.7.209.202,49.7.209.202
中国电信集团有限公司,49.7.226.202,49.7.226.202
中国电信集团有限公司,49.7.201.23,49.7.201.23
中国电信集团有限公司,49.7.226.165,49.7.226.165
中国电信集团有限公司,49.7.223.35,49.7.223.35
中国电信集团有限公司,49.7.217.27,49.7.217.27
中国电信集团有限公司,49.7.75.112,49.7.75.112
中国电信集团有限公司,49.7.225.179,49.7.225.179
中国电信集团有限公司,49.7.209.246,49.7.209.246
中国电信集团有限公司,49.7.224.17,49.7.224.17
中国电信集团有限公司,49.7.132.207,49.7.132.207
中国电信集团有限公司,49.7.226.0,49.7.226.0
中国电信集团有限公司,182.43.72.94,182.43.72.94
中国电信集团有限公司,182.44.39.76,182.44.39.76
中国电信集团有限公司,182.44.36.197,182.44.36.197
中国电信集团有限公司,182.44.38.222,182.44.38.222
中国电信集团有限公司,182.43.85.239,182.43.85.239
中国电信集团有限公司,182.43.85.173,182.43.85.173
中国电信集团有限公司,182.44.38.22,182.44.38.22
中国电信集团有限公司,182.43.77.133,182.43.77.133
中国电信集团有限公司,182.44.38.254,182.44.38.254
中国电信集团有限公司,182.43.87.31,182.43.87.31
中国电信集团有限公司,182.44.2.154,182.44.2.154
中国电信集团有限公司,182.43.100.45,182.43.100.45
中国电信集团有限公司,182.43.99.174,182.43.99.174
中国电信集团有限公司,182.43.11.36,182.43.11.36
中国电信集团有限公司,182.43.80.75,182.43.80.75
中国电信集团有限公司,182.43.83.72,182.43.83.72
中国电信集团有限公司,182.43.87.173,182.43.87.173
中国电信集团有限公司,182.44.38.199,182.44.38.199
中国电信集团有限公司,182.43.86.164,182.43.86.164
中国电信集团有限公司,182.44.1.87,182.44.1.87
中国电信集团有限公司,182.44.3.149,182.44.3.149
中国电信集团有限公司,182.44.37.241,182.44.37.241
中国电信集团有限公司,182.44.6.103,182.44.6.103
中国电信集团有限公司,182.43.78.55,182.43.78.55
中国电信集团有限公司,182.43.86.233,182.43.86.233
中国电信集团有限公司,182.43.83.194,182.43.83.194
中国电信集团有限公司,182.43.102.106,182.43.102.106
中国电信集团有限公司,182.43.72.132,182.43.72.132
中国电信集团有限公司,182.44.12.136,182.44.12.136
中国电信集团有限公司,182.43.99.206,182.43.99.206
中国电信集团有限公司,121.237.177.181,121.237.177.181
中国电信集团有限公司,121.237.183.47,121.237.183.47
中国电信集团有限公司,121.237.176.104,121.237.176.104
中国电信集团有限公司,121.237.179.224,121.237.179.224
中国电信集团有限公司,121.237.183.233,121.237.183.233
中国电信集团有限公司,121.237.182.197,121.237.182.197
中国电信集团有限公司,121.237.183.249,121.237.183.249
中国电信集团有限公司,121.237.180.249,121.237.180.249
中国电信集团有限公司,121.237.179.50,121.237.179.50
中国电信集团有限公司,121.237.178.194,121.237.178.194
中国电信集团有限公司,121.237.183.194,121.237.183.194
中国电信集团有限公司,121.237.182.171,121.237.182.171
中国电信集团有限公司,121.237.176.69,121.237.176.69
中国电信集团有限公司,121.237.179.15,121.237.179.15
中国电信集团有限公司,121.237.182.69,121.237.182.69
中国电信集团有限公司,121.237.176.128,121.237.176.128
中国电信集团有限公司,121.237.177.61,121.237.177.61
中国电信集团有限公司,121.237.179.84,121.237.179.84
中国电信集团有限公司,121.237.182.7,121.237.182.7
中国电信集团有限公司,121.237.178.150,121.237.178.150
中国电信集团有限公司,121.237.177.84,121.237.177.84
中国电信集团有限公司,121.237.176.80,121.237.176.80
中国电信集团有限公司,121.237.182.219,121.237.182.219
中国电信集团有限公司,121.237.176.201,121.237.176.201
中国电信集团有限公司,121.237.181.35,121.237.181.35
中国电信集团有限公司,121.237.182.173,121.237.182.173
中国电信集团有限公司,121.237.178.183,121.237.178.183
中国电信集团有限公司,121.237.183.142,121.237.183.142
中国电信集团有限公司,121.237.183.32,121.237.183.32
中国电信集团有限公司,121.237.176.43,121.237.176.43
中国电信集团有限公司,121.237.182.228,121.237.182.228
中国电信集团有限公司,121.237.178.195,121.237.178.195
中国电信集团有限公司,121.237.178.58,121.237.178.58
中国电信集团有限公司,121.237.179.41,121.237.179.41
中国电信集团有限公司,121.237.181.114,121.237.181.114
中国电信集团有限公司,121.237.183.79,121.237.183.79
中国电信集团有限公司,14.18.83.77,14.18.83.77
中国电信集团有限公司,14.116.192.28,14.116.192.28
中国电信集团有限公司,125.88.230.255,125.88.230.255
中国电信集团有限公司,14.18.97.12,14.18.97.12
中国电信集团有限公司,14.116.204.233,14.116.204.233
中国电信集团有限公司,14.18.96.109,14.18.96.109
中国电信集团有限公司,14.116.197.161,14.116.197.161
中国电信集团有限公司,125.88.209.93,125.88.209.93
中国电信集团有限公司,14.116.197.117,14.116.197.117
中国电信集团有限公司,183.56.195.44,183.56.195.44
中国电信集团有限公司,14.18.95.118,14.18.95.118
中国电信集团有限公司,183.56.228.234,183.56.228.234
中国电信集团有限公司,183.56.227.245,183.56.227.245
中国电信集团有限公司,14.116.211.77,14.116.211.77
中国电信集团有限公司,125.88.242.107,125.88.242.107
中国电信集团有限公司,14.116.198.45,14.116.198.45
中国电信集团有限公司,14.18.86.196,14.18.86.196
中国电信集团有限公司,125.88.222.174,125.88.222.174
中国电信集团有限公司,14.18.118.141,14.18.118.141
中国电信集团有限公司,14.18.118.190,14.18.118.190
中国电信集团有限公司,183.56.207.93,183.56.207.93
中国电信集团有限公司,14.116.207.95,14.116.207.95
中国电信集团有限公司,14.152.66.108,14.152.66.108
中国电信集团有限公司,14.116.218.125,14.116.218.125
中国电信集团有限公司,183.56.232.31,183.56.232.31
中国电信集团有限公司,125.88.218.102,125.88.218.102
中国电信集团有限公司,183.56.201.127,183.56.201.127
中国电信集团有限公司,14.116.208.47,14.116.208.47
中国电信集团有限公司,14.116.194.221,14.116.194.221
中国电信集团有限公司,14.215.47.78,14.215.47.78
中国电信集团有限公司,183.56.196.88,183.56.196.88
中国电信集团有限公司,183.56.228.152,183.56.228.152
中国电信集团有限公司,14.18.71.86,14.18.71.86
中国电信集团有限公司,125.88.245.92,125.88.245.92
中国电信集团有限公司,14.18.100.142,14.18.100.142
中国电信集团有限公司,14.18.108.19,14.18.108.19
中国电信集团有限公司,183.56.211.99,183.56.211.99
中国电信集团有限公司,14.116.205.189,14.116.205.189
中国电信集团有限公司,14.18.111.246,14.18.111.246
中国电信集团有限公司,183.56.232.10,183.56.232.10
中国电信集团有限公司,180.102.132.192,180.102.132.192
中国电信集团有限公司,182.44.117.218,182.44.117.218
中国电信集团有限公司,182.44.116.54,182.44.116.54
中国电信集团有限公司,180.102.133.33,180.102.133.33
中国电信集团有限公司,182.44.115.226,182.44.115.226
中国电信集团有限公司,182.44.118.33,182.44.118.33
中国电信集团有限公司,117.62.237.48,117.62.237.48
中国电信集团有限公司,182.44.116.46,182.44.116.46
中国电信集团有限公司,182.44.115.10,182.44.115.10
中国电信集团有限公司,117.62.236.218,117.62.236.218
中国电信集团有限公司,182.44.115.150,182.44.115.150
中国电信集团有限公司,182.44.115.255,182.44.115.255
中国电信集团有限公司,117.62.239.88,117.62.239.88
中国电信集团有限公司,49.65.125.187,49.65.125.187
中国电信集团有限公司,117.62.238.253,117.62.238.253
中国电信集团有限公司,180.102.131.91,180.102.131.91
中国电信集团有限公司,182.44.115.109,182.44.115.109
中国电信集团有限公司,180.102.131.110,180.102.131.110
中国电信集团有限公司,117.62.236.147,117.62.236.147
中国电信集团有限公司,182.44.116.4,182.44.116.4
中国电信集团有限公司,182.44.117.38,182.44.117.38
中国电信集团有限公司,117.62.236.67,117.62.236.67
中国电信集团有限公司,182.44.114.152,182.44.114.152
中国电信集团有限公司,182.44.116.1,182.44.116.1
中国电信集团有限公司,180.110.149.182,180.110.149.182
中国电信集团有限公司,180.102.131.1,180.102.131.1
中国电信集团有限公司,182.44.115.246,182.44.115.246
中国电信集团有限公司,182.44.116.6,182.44.116.6
中国电信集团有限公司,182.44.114.167,182.44.114.167
中国电信集团有限公司,182.44.114.68,182.44.114.68
中国电信集团有限公司,182.44.114.247,182.44.114.247
中国电信集团有限公司,182.44.114.253,182.44.114.253
中国电信集团有限公司,182.44.115.149,182.44.115.149
中国电信集团有限公司,180.102.133.244,180.102.133.244
中国电信集团有限公司,182.44.116.7,182.44.116.7
中国电信集团有限公司,180.110.149.185,180.110.149.185
中国电信集团有限公司,182.44.113.209,182.44.113.209
中国电信集团有限公司,180.102.128.63,180.102.128.63
中国电信集团有限公司,180.102.134.42,180.102.134.42
中国电信集团有限公司,182.44.114.37,182.44.114.37
中国电信集团有限公司,117.62.239.28,117.62.239.28
中国电信集团有限公司,113.141.73.66,113.141.73.66
中国电信集团有限公司,203.2.164.174,203.2.164.174
中国电信集团有限公司,203.2.164.74,203.2.164.74
中国电信集团有限公司,113.141.72.201,113.141.72.201
中国电信集团有限公司,203.2.164.171,203.2.164.171
中国电信集团有限公司,113.141.70.238,113.141.70.238
中国电信集团有限公司,203.2.164.62,203.2.164.62
中国电信集团有限公司,113.141.79.114,113.141.79.114
中国电信集团有限公司,203.2.165.195,203.2.165.195
中国电信集团有限公司,203.2.164.111,203.2.164.111
中国电信集团有限公司,113.141.72.87,113.141.72.87
中国电信集团有限公司,113.141.72.134,113.141.72.134
中国电信集团有限公司,203.2.164.173,203.2.164.173
中国电信集团有限公司,113.141.73.50,113.141.73.50
中国电信集团有限公司,113.141.70.231,113.141.70.231
中国电信集团有限公司,203.2.164.168,203.2.164.168
中国电信集团有限公司,113.141.73.236,113.141.73.236
中国电信集团有限公司,203.2.165.214,203.2.165.214
中国电信集团有限公司,113.141.73.17,113.141.73.17
中国电信集团有限公司,113.141.72.135,113.141.72.135
中国电信集团有限公司,113.141.73.150,113.141.73.150
中国电信集团有限公司,113.141.73.233,113.141.73.233
中国移动通信集团公司,2409:8c85:5431:858:83c2:9328:cb77:4f3c,2409:8c85:5431:858:83c2:9328:cb77:4f3c
中国移动通信集团公司,218.201.203.150,218.201.203.150
中国移动通信集团公司,2409:8c85:5431:843:35f1:e7e1:7c9b:4be0,2409:8c85:5431:843:35f1:e7e1:7c9b:4be0
中国移动通信集团公司,218.201.203.131,218.201.203.131
中国移动通信集团公司,2409:8c85:5431:843:ebb9:dbde:9a69:49fe,2409:8c85:5431:843:ebb9:dbde:9a69:49fe
中国移动通信集团公司,218.201.203.136,218.201.203.136
中国移动通信集团公司,2409:8c85:5431:843:ab4a:a550:e5f8:43c6,2409:8c85:5431:843:ab4a:a550:e5f8:43c6
中国移动通信集团公司,218.201.203.154,218.201.203.154
中国移动通信集团公司,2409:8c85:5431:843:7517:bafe:1bf4:4528,2409:8c85:5431:843:7517:bafe:1bf4:4528
中国移动通信集团公司,218.201.203.133,218.201.203.133
中国移动通信集团公司,2409:8c85:5431:843:b5a4:5f61:81d:45b4,2409:8c85:5431:843:b5a4:5f61:81d:45b4
中国移动通信集团公司,218.201.203.158,218.201.203.158
中国移动通信集团公司,2409:8c85:5431:843:eaae:3782:d92f:4c91,2409:8c85:5431:843:eaae:3782:d92f:4c91
中国移动通信集团公司,218.201.203.172,218.201.203.172
中国移动通信集团公司,2409:8c85:5431:843:67ee:1d77:81e2:48d9,2409:8c85:5431:843:67ee:1d77:81e2:48d9
中国移动通信集团公司,218.201.203.135,218.201.203.135
中国移动通信集团公司,2409:8c85:5431:843:af41:443a:4d9a:4a25,2409:8c85:5431:843:af41:443a:4d9a:4a25
中国移动通信集团公司,218.201.203.140,218.201.203.140
中国移动通信集团公司,2409:8c85:5431:843:a4a:7579:a49f:49ef,2409:8c85:5431:843:a4a:7579:a49f:49ef
中国移动通信集团公司,218.201.203.143,218.201.203.143
中国移动通信集团公司,2409:8c85:5431:843:a98b:6183:1d:4230,2409:8c85:5431:843:a98b:6183:1d:4230
中国移动通信集团公司,218.201.203.159,218.201.203.159
中国移动通信集团公司,2409:8c85:5431:843:8932:ea8e:1799:474c,2409:8c85:5431:843:8932:ea8e:1799:474c
中国移动通信集团公司,218.201.203.146,218.201.203.146
中国移动通信集团公司,2409:8c85:5431:823:b9b0:163c:d11f:425f,2409:8c85:5431:823:b9b0:163c:d11f:425f
中国移动通信集团公司,218.201.203.149,218.201.203.149
中国移动通信集团公司,2409:8c85:5431:823:c91:c89:eb7b:4b10,2409:8c85:5431:823:c91:c89:eb7b:4b10
中国移动通信集团公司,218.201.203.148,218.201.203.148
中国移动通信集团公司,2409:8c85:5431:823:6335:e47b:fce1:4010,2409:8c85:5431:823:6335:e47b:fce1:4010
中国移动通信集团公司,218.201.203.180,218.201.203.180
中国移动通信集团公司,2409:8c85:5431:823:e467:dcdf:bf0:4b6d,2409:8c85:5431:823:e467:dcdf:bf0:4b6d
中国移动通信集团公司,218.201.203.151,218.201.203.151
中国移动通信集团公司,2409:8c85:5431:823:632e:70c8:d799:4b0d,2409:8c85:5431:823:632e:70c8:d799:4b0d
中国移动通信集团公司,2409:8c85:5431:823:634b:be6:2721:497e,2409:8c85:5431:823:634b:be6:2721:497e
中国移动通信集团公司,2409:8c85:5431:823:210f:e2fe:d9be:4035,2409:8c85:5431:823:210f:e2fe:d9be:4035
中国移动通信集团公司,2409:8c85:5431:823:559f:86bf:ceb8:40f9,2409:8c85:5431:823:559f:86bf:ceb8:40f9
中国移动通信集团公司,2409:8c85:5431:85d:7c4f:88aa:25b3:4e94,2409:8c85:5431:85d:7c4f:88aa:25b3:4e94
中国移动通信集团公司,2409:8c85:5431:85d:6328:f8ed:3324:40dc,2409:8c85:5431:85d:6328:f8ed:3324:40dc
中国移动通信集团公司,2409:8c85:5431:85d:708:1662:b15e:4377,2409:8c85:5431:85d:708:1662:b15e:4377
中国移动通信集团公司,2409:8c85:5431:85d:e14f:e5cc:7158:4821,2409:8c85:5431:85d:e14f:e5cc:7158:4821
中国移动通信集团公司,2409:8c85:5431:85d:9e42:5ec4:6546:44c2,2409:8c85:5431:85d:9e42:5ec4:6546:44c2
中国移动通信集团公司,2409:8c85:5431:85d:6ff3:e4c0:dce1:421d,2409:8c85:5431:85d:6ff3:e4c0:dce1:421d
中国移动通信集团公司,2409:8c85:5431:85d:e6b0:aa29:bbcf:44c0,2409:8c85:5431:85d:e6b0:aa29:bbcf:44c0
中国移动通信集团公司,2409:8c85:5431:85d:66b0:1656:ac03:4dea,2409:8c85:5431:85d:66b0:1656:ac03:4dea
中国移动通信集团公司,2409:8c85:5431:85c:dc49:528b:16d0:432a,2409:8c85:5431:85c:dc49:528b:16d0:432a
中国移动通信集团公司,2409:8c85:5431:85c:24dd:27ab:5072:4af6,2409:8c85:5431:85c:24dd:27ab:5072:4af6
中国移动通信集团公司,2409:8c85:5431:85c:573d:7ae1:a9b5:4a48,2409:8c85:5431:85c:573d:7ae1:a9b5:4a48
中国移动通信集团公司,2409:8c85:5431:85c:785f:2982:26d6:4c70,2409:8c85:5431:85c:785f:2982:26d6:4c70
中国移动通信集团公司,211.136.33.240,211.136.33.240
中国移动通信集团公司,2409:8c85:5431:85c:f865:7e14:9858:4a67,2409:8c85:5431:85c:f865:7e14:9858:4a67
中国移动通信集团公司,211.136.33.231,211.136.33.231
中国移动通信集团公司,2409:8c85:5431:85c:5491:40d7:21b9:45a6,2409:8c85:5431:85c:5491:40d7:21b9:45a6
中国移动通信集团公司,211.136.33.141,211.136.33.141
中国移动通信集团公司,2409:8c85:5431:85c:7144:9aa6:bc78:456b,2409:8c85:5431:85c:7144:9aa6:bc78:456b
中国移动通信集团公司,211.136.33.235,211.136.33.235
中国移动通信集团公司,2409:8c85:5431:85c:955e:6b68:a263:4940,2409:8c85:5431:85c:955e:6b68:a263:4940
中国移动通信集团公司,211.136.33.139,211.136.33.139
中国移动通信集团公司,2409:8c85:5431:860:1557:5e36:79b6:442b,2409:8c85:5431:860:1557:5e36:79b6:442b
中国移动通信集团公司,211.136.33.152,211.136.33.152
中国移动通信集团公司,2409:8c85:5431:860:3261:e54e:8eaa:41c2,2409:8c85:5431:860:3261:e54e:8eaa:41c2
中国移动通信集团公司,211.136.33.192,211.136.33.192
中国移动通信集团公司,2409:8c85:5431:860:8052:f6d0:5467:4193,2409:8c85:5431:860:8052:f6d0:5467:4193
中国移动通信集团公司,211.136.33.188,211.136.33.188
中国移动通信集团公司,2409:8c85:5431:860:cac4:99f:aed5:42e0,2409:8c85:5431:860:cac4:99f:aed5:42e0
中国移动通信集团公司,211.136.33.196,211.136.33.196
中国移动通信集团公司,2409:8c85:5431:860:2469:920d:512:47e0,2409:8c85:5431:860:2469:920d:512:47e0
中国移动通信集团公司,211.136.33.179,211.136.33.179
中国移动通信集团公司,2409:8c85:5431:860:2100:1ce7:e39c:45e8,2409:8c85:5431:860:2100:1ce7:e39c:45e8
中国移动通信集团公司,211.136.33.190,211.136.33.190
中国移动通信集团公司,2409:8c85:5431:860:7150:2891:7505:4917,2409:8c85:5431:860:7150:2891:7505:4917
中国移动通信集团公司,211.136.33.178,211.136.33.178
中国移动通信集团公司,2409:8c85:5431:860:494e:f2f3:cad:442e,2409:8c85:5431:860:494e:f2f3:cad:442e
中国移动通信集团公司,211.136.33.184,211.136.33.184
中国移动通信集团公司,2409:8c85:5431:860:f1c:d63e:f60f:42f9,2409:8c85:5431:860:f1c:d63e:f60f:42f9
中国移动通信集团公司,211.136.33.182,211.136.33.182
中国移动通信集团公司,2409:8c85:5431:85f:30ba:3109:ba49:410d,2409:8c85:5431:85f:30ba:3109:ba49:410d
中国移动通信集团公司,211.136.33.234,211.136.33.234
中国移动通信集团公司,2409:8c85:5431:85f:2537:556f:b98e:42c9,2409:8c85:5431:85f:2537:556f:b98e:42c9
中国移动通信集团公司,211.136.33.160,211.136.33.160
中国移动通信集团公司,2409:8c85:5431:85f:f196:b3ab:f9e1:41b3,2409:8c85:5431:85f:f196:b3ab:f9e1:41b3
中国移动通信集团公司,211.136.33.195,211.136.33.195
中国移动通信集团公司,36.141.21.203,36.141.21.203
中国移动通信集团公司,211.136.33.254,211.136.33.254
中国移动通信集团公司,36.141.21.168,36.141.21.168
中国移动通信集团公司,211.136.33.221,211.136.33.221
中国移动通信集团公司,36.141.21.174,36.141.21.174
中国移动通信集团公司,211.136.33.162,211.136.33.162
中国移动通信集团公司,36.141.21.169,36.141.21.169
中国移动通信集团公司,211.136.33.252,211.136.33.252
中国移动通信集团公司,36.141.21.242,36.141.21.242
中国移动通信集团公司,211.136.33.253,211.136.33.253
中国移动通信集团公司,36.141.21.159,36.141.21.159
中国移动通信集团公司,211.136.33.222,211.136.33.222
中国移动通信集团公司,36.141.21.223,36.141.21.223
中国移动通信集团公司,211.136.33.207,211.136.33.207
中国移动通信集团公司,36.141.21.250,36.141.21.250
中国移动通信集团公司,211.136.33.250,211.136.33.250
中国移动通信集团公司,36.141.21.135,36.141.21.135
中国移动通信集团公司,211.136.33.247,211.136.33.247
中国移动通信集团公司,36.141.21.243,36.141.21.243
中国移动通信集团公司,211.136.33.153,211.136.33.153
中国移动通信集团公司,36.141.21.248,36.141.21.248
中国移动通信集团公司,211.136.33.251,211.136.33.251
中国移动通信集团公司,36.141.21.130,36.141.21.130
中国移动通信集团公司,211.136.33.204,211.136.33.204
中国移动通信集团公司,36.141.21.166,36.141.21.166
中国移动通信集团公司,211.136.33.155,211.136.33.155
中国移动通信集团公司,36.141.21.228,36.141.21.228
中国移动通信集团公司,211.136.33.159,211.136.33.159
中国移动通信集团公司,36.141.21.240,36.141.21.240
中国移动通信集团公司,211.136.33.211,211.136.33.211
中国移动通信集团公司,36.141.21.160,36.141.21.160
中国移动通信集团公司,211.136.33.136,211.136.33.136
中国移动通信集团公司,36.141.21.144,36.141.21.144
中国移动通信集团公司,211.136.33.217,211.136.33.217
中国移动通信集团公司,211.136.33.203,211.136.33.203
中国移动通信集团公司,211.136.33.226,211.136.33.226
中国移动通信集团公司,211.136.33.208,211.136.33.208
中国移动通信集团公司,211.136.33.214,211.136.33.214
中国移动通信集团公司,211.136.33.224,211.136.33.224
中国移动通信集团公司,211.136.33.150,211.136.33.150
中国移动通信集团公司,211.136.33.219,211.136.33.219
中国移动通信集团公司,211.136.33.213,211.136.33.213
中国移动通信集团公司,211.136.33.225,211.136.33.225
中国移动通信集团公司,211.136.33.163,211.136.33.163
中国移动通信集团公司,211.136.33.205,211.136.33.205
中国移动通信集团公司,211.136.33.218,211.136.33.218
中国移动通信集团公司,211.136.33.209,211.136.33.209
中国移动通信集团公司,211.136.33.140,211.136.33.140
中国移动通信集团公司,211.136.33.246,211.136.33.246
中国移动通信集团公司,211.136.33.146,211.136.33.146
中国移动通信集团公司,211.136.33.199,211.136.33.199
中国移动通信集团公司,211.136.33.161,211.136.33.161
中国移动通信集团公司,211.136.33.165,211.136.33.165
中国移动通信集团公司,211.136.33.236,211.136.33.236
中国移动通信集团公司,211.136.33.228,211.136.33.228
中国移动通信集团公司,211.136.33.148,211.136.33.148
中国移动通信集团公司,211.136.33.230,211.136.33.230
中国移动通信集团公司,211.136.33.143,211.136.33.143
中国移动通信集团公司,211.136.33.133,211.136.33.133
中国移动通信集团公司,211.136.33.171,211.136.33.171
中国移动通信集团公司,211.136.33.174,211.136.33.174
中国移动通信集团公司,2409:8c85:5431:839:db2d:12c7:4a6b:4cc7,2409:8c85:5431:839:db2d:12c7:4a6b:4cc7
中国移动通信集团公司,211.136.33.206,211.136.33.206
中国移动通信集团公司,2409:8c85:5431:839:b621:b52d:1939:465a,2409:8c85:5431:839:b621:b52d:1939:465a
中国移动通信集团公司,211.136.33.183,211.136.33.183
中国移动通信集团公司,2409:8c85:5431:839:3c54:4c5a:f269:4cca,2409:8c85:5431:839:3c54:4c5a:f269:4cca
中国移动通信集团公司,211.136.33.197,211.136.33.197
中国移动通信集团公司,2409:8c85:5431:839:e33c:91a7:c112:4e6e,2409:8c85:5431:839:e33c:91a7:c112:4e6e
中国移动通信集团公司,211.136.33.129,211.136.33.129
中国移动通信集团公司,2409:8c85:5431:839:134:c787:fc44:4ac1,2409:8c85:5431:839:134:c787:fc44:4ac1
中国移动通信集团公司,211.136.33.135,211.136.33.135
中国移动通信集团公司,2409:8c85:5431:839:bbd1:1ea:a01c:4ff2,2409:8c85:5431:839:bbd1:1ea:a01c:4ff2
中国移动通信集团公司,211.136.33.169,211.136.33.169
中国移动通信集团公司,2409:8c85:5431:839:a780:9ed7:5741:4f31,2409:8c85:5431:839:a780:9ed7:5741:4f31
中国移动通信集团公司,211.136.33.186,211.136.33.186
中国移动通信集团公司,211.136.33.175,211.136.33.175
中国移动通信集团公司,2409:8c85:5431:839:b141:dbcc:6268:47ed,2409:8c85:5431:839:b141:dbcc:6268:47ed
中国移动通信集团公司,211.136.33.181,211.136.33.181
中国移动通信集团公司,211.136.33.132,211.136.33.132
中国移动通信集团公司,2409:8c85:5431:839:14:330c:1f52:4aea,2409:8c85:5431:839:14:330c:1f52:4aea
中国移动通信集团公司,211.136.33.187,211.136.33.187
中国移动通信集团公司,211.136.33.176,211.136.33.176
中国移动通信集团公司,2409:8c85:5431:839:817f:cc7f:b83e:4e56,2409:8c85:5431:839:817f:cc7f:b83e:4e56
中国移动通信集团公司,211.136.33.180,211.136.33.180
中国移动通信集团公司,211.136.33.185,211.136.33.185
中国移动通信集团公司,2409:8c85:5431:839:aba8:9c4b:84d9:4991,2409:8c85:5431:839:aba8:9c4b:84d9:4991
中国移动通信集团公司,211.136.33.177,211.136.33.177
中国移动通信集团公司,211.136.33.168,211.136.33.168
中国移动通信集团公司,2409:8c85:5431:839:54b6:6aab:cb83:42fc,2409:8c85:5431:839:54b6:6aab:cb83:42fc
中国移动通信集团公司,211.136.33.191,211.136.33.191
中国移动通信集团公司,211.136.33.172,211.136.33.172
中国移动通信集团公司,2409:8c85:5431:839:bf7d:ab2a:f267:4908,2409:8c85:5431:839:bf7d:ab2a:f267:4908
中国移动通信集团公司,211.136.33.220,211.136.33.220
中国移动通信集团公司,211.136.33.142,211.136.33.142
中国移动通信集团公司,2409:8c85:5431:839:33d8:a614:b86:480a,2409:8c85:5431:839:33d8:a614:b86:480a
中国移动通信集团公司,211.136.33.233,211.136.33.233
中国移动通信集团公司,211.136.33.167,211.136.33.167
中国移动通信集团公司,2409:8c85:5431:839:b279:ba1c:3c1f:4c12,2409:8c85:5431:839:b279:ba1c:3c1f:4c12
中国移动通信集团公司,211.136.33.210,211.136.33.210
中国移动通信集团公司,211.136.33.164,211.136.33.164
中国移动通信集团公司,2409:8c85:5431:839:5295:2dc5:d803:4c95,2409:8c85:5431:839:5295:2dc5:d803:4c95
中国移动通信集团公司,211.136.33.201,211.136.33.201
中国移动通信集团公司,211.136.33.156,211.136.33.156
中国移动通信集团公司,2409:8c85:5431:839:efff:2f30:21b:4c79,2409:8c85:5431:839:efff:2f30:21b:4c79
中国移动通信集团公司,211.136.33.200,211.136.33.200
中国移动通信集团公司,211.136.33.154,211.136.33.154
中国移动通信集团公司,2409:8c85:5431:839:1175:1df6:1754:46de,2409:8c85:5431:839:1175:1df6:1754:46de
中国移动通信集团公司,211.136.33.215,211.136.33.215
中国移动通信集团公司,211.136.33.145,211.136.33.145
中国移动通信集团公司,2409:8c85:5431:839:be8b:2584:be9:4798,2409:8c85:5431:839:be8b:2584:be9:4798
中国移动通信集团公司,211.136.33.212,211.136.33.212
中国移动通信集团公司,211.136.33.130,211.136.33.130
中国移动通信集团公司,2409:8c85:5431:839:6c9b:97e4:ff94:4b30,2409:8c85:5431:839:6c9b:97e4:ff94:4b30
中国移动通信集团公司,211.136.33.216,211.136.33.216
中国移动通信集团公司,211.136.33.198,211.136.33.198
中国移动通信集团公司,2409:8c85:5431:839:e76a:d24c:eae7:45c3,2409:8c85:5431:839:e76a:d24c:eae7:45c3
中国移动通信集团公司,211.136.33.227,211.136.33.227
中国移动通信集团公司,211.136.33.194,211.136.33.194
中国移动通信集团公司,2409:8c85:5431:839:83ea:39d2:c613:421b,2409:8c85:5431:839:83ea:39d2:c613:421b
中国移动通信集团公司,211.136.33.232,211.136.33.232
中国移动通信集团公司,211.136.33.147,211.136.33.147
中国移动通信集团公司,2409:8c85:5431:839:95c3:c378:a043:4251,2409:8c85:5431:839:95c3:c378:a043:4251
中国移动通信集团公司,211.136.33.238,211.136.33.238
中国移动通信集团公司,211.136.33.144,211.136.33.144
中国移动通信集团公司,2409:8c85:5431:839:72e0:30db:cad4:44f6,2409:8c85:5431:839:72e0:30db:cad4:44f6
中国移动通信集团公司,211.136.33.202,211.136.33.202
中国移动通信集团公司,211.136.33.189,211.136.33.189
中国移动通信集团公司,2409:8c85:5431:839:7d2:c657:1fd8:485a,2409:8c85:5431:839:7d2:c657:1fd8:485a
中国移动通信集团公司,211.136.33.166,211.136.33.166
中国移动通信集团公司,2409:8c85:5431:839:43b5:5aaf:8f55:43a2,2409:8c85:5431:839:43b5:5aaf:8f55:43a2
中国移动通信集团公司,211.136.33.158,211.136.33.158
中国移动通信集团公司,2409:8c85:5431:839:b8c9:db4c:ff18:449e,2409:8c85:5431:839:b8c9:db4c:ff18:449e
中国移动通信集团公司,211.136.33.157,211.136.33.157
中国移动通信集团公司,2409:8c85:5431:839:3a80:8aec:f590:4dfc,2409:8c85:5431:839:3a80:8aec:f590:4dfc
中国移动通信集团公司,211.136.33.170,211.136.33.170
中国移动通信集团公司,2409:8c85:5431:839:e6b2:5a68:20e4:416d,2409:8c85:5431:839:e6b2:5a68:20e4:416d
中国移动通信集团公司,211.136.33.193,211.136.33.193
中国移动通信集团公司,2409:8c85:5431:839:6ffb:938f:47ac:4946,2409:8c85:5431:839:6ffb:938f:47ac:4946
中国移动通信集团公司,211.136.33.131,211.136.33.131
中国移动通信集团公司,2409:8c85:5431:839:6c53:2b7a:d08f:4e6f,2409:8c85:5431:839:6c53:2b7a:d08f:4e6f
中国移动通信集团公司,211.136.33.237,211.136.33.237
中国移动通信集团公司,2409:8c85:5431:859:a2b2:8ae3:e2b8:4065,2409:8c85:5431:859:a2b2:8ae3:e2b8:4065
中国移动通信集团公司,211.136.33.137,211.136.33.137
中国移动通信集团公司,2409:8c85:5431:859:89:be2:3e39:4822,2409:8c85:5431:859:89:be2:3e39:4822
中国移动通信集团公司,211.136.33.173,211.136.33.173
中国移动通信集团公司,2409:8c85:5431:859:2486:d58b:6b12:412b,2409:8c85:5431:859:2486:d58b:6b12:412b
中国移动通信集团公司,211.136.33.151,211.136.33.151
中国移动通信集团公司,2409:8c85:5431:859:3720:63db:fe27:4a6b,2409:8c85:5431:859:3720:63db:fe27:4a6b
中国移动通信集团公司,211.136.33.134,211.136.33.134
中国移动通信集团公司,2409:8c85:5431:859:fb43:401c:c32:4ef7,2409:8c85:5431:859:fb43:401c:c32:4ef7
中国移动通信集团公司,211.136.33.223,211.136.33.223
中国移动通信集团公司,2409:8c85:5431:859:f265:b10a:4945:4824,2409:8c85:5431:859:f265:b10a:4945:4824
中国移动通信集团公司,211.136.33.229,211.136.33.229
中国移动通信集团公司,2409:8c85:5431:859:cb39:a0a5:5c5e:439f,2409:8c85:5431:859:cb39:a0a5:5c5e:439f
中国移动通信集团公司,2409:8c85:5431:85f:85ba:b28f:caa8:4640,2409:8c85:5431:85f:85ba:b28f:caa8:4640
中国移动通信集团公司,211.136.33.138,211.136.33.138
中国移动通信集团公司,2409:8c85:5431:859:af40:70ce:3dc6:4170,2409:8c85:5431:859:af40:70ce:3dc6:4170
中国移动通信集团公司,2409:8c85:5431:85f:5e24:f082:4d70:4fc2,2409:8c85:5431:85f:5e24:f082:4d70:4fc2
中国移动通信集团公司,211.136.33.149,211.136.33.149
中国移动通信集团公司,2409:8c85:5431:859:4f5e:78d8:b145:4602,2409:8c85:5431:859:4f5e:78d8:b145:4602
中国移动通信集团公司,2409:8c85:5431:85f:5b21:ae02:2b8b:460e,2409:8c85:5431:85f:5b21:ae02:2b8b:460e
中国移动通信集团公司,2409:8c85:5431:859:5d21:98db:2304:4c9f,2409:8c85:5431:859:5d21:98db:2304:4c9f
中国移动通信集团公司,2409:8c85:5431:85f:f83a:ca3f:5aa7:4bb0,2409:8c85:5431:85f:f83a:ca3f:5aa7:4bb0
中国移动通信集团公司,2409:8c85:5431:859:9a65:2399:d100:4630,2409:8c85:5431:859:9a65:2399:d100:4630
中国移动通信集团公司,2409:8c85:5431:85f:c4cf:129e:9de3:414c,2409:8c85:5431:85f:c4cf:129e:9de3:414c
中国移动通信集团公司,2409:8c85:5431:859:dba4:e57a:d5e1:40c7,2409:8c85:5431:859:dba4:e57a:d5e1:40c7
中国移动通信集团公司,2409:8c85:5431:85f:73a6:c6dc:52b8:49e8,2409:8c85:5431:85f:73a6:c6dc:52b8:49e8
中国移动通信集团公司,2409:8c85:5431:859:e7ca:7e60:8f2f:4f41,2409:8c85:5431:859:e7ca:7e60:8f2f:4f41
中国移动通信集团公司,2409:8c85:5431:867:17ae:5a8d:55c0:43dc,2409:8c85:5431:867:17ae:5a8d:55c0:43dc
中国移动通信集团公司,2409:8c85:5431:843:7f1a:7a30:aa71:43d2,2409:8c85:5431:843:7f1a:7a30:aa71:43d2
中国移动通信集团公司,2409:8c85:5431:867:f88:a084:266e:49c6,2409:8c85:5431:867:f88:a084:266e:49c6
中国移动通信集团公司,2409:8c85:5431:843:7cb:629e:3e2c:4957,2409:8c85:5431:843:7cb:629e:3e2c:4957
中国移动通信集团公司,2409:8c85:5431:867:2c8c:f55c:e6c:4b9c,2409:8c85:5431:867:2c8c:f55c:e6c:4b9c
中国移动通信集团公司,2409:8c85:5431:843:2f58:f270:3f3d:4e65,2409:8c85:5431:843:2f58:f270:3f3d:4e65
中国移动通信集团公司,2409:8c85:5431:867:f735:4a32:106e:4666,2409:8c85:5431:867:f735:4a32:106e:4666
中国移动通信集团公司,2409:8c85:5431:843:35c7:923f:3e73:4813,2409:8c85:5431:843:35c7:923f:3e73:4813
中国移动通信集团公司,2409:8c85:5431:867:5084:6595:4ab1:4f0f,2409:8c85:5431:867:5084:6595:4ab1:4f0f
中国移动通信集团公司,2409:8c85:5431:843:9acf:cc60:cf93:4444,2409:8c85:5431:843:9acf:cc60:cf93:4444
中国移动通信集团公司,2409:8c85:5431:867:c692:89e3:bd8a:483f,2409:8c85:5431:867:c692:89e3:bd8a:483f
中国移动通信集团公司,2409:8c85:5431:843:d464:7838:a136:4d04,2409:8c85:5431:843:d464:7838:a136:4d04
中国移动通信集团公司,2409:8c85:5431:867:c5e4:9a5d:1e56:4987,2409:8c85:5431:867:c5e4:9a5d:1e56:4987
中国移动通信集团公司,2409:8c85:5431:843:896e:70d:e71d:45c7,2409:8c85:5431:843:896e:70d:e71d:45c7
中国移动通信集团公司,2409:8c85:5431:867:d9c6:43a1:1385:42e4,2409:8c85:5431:867:d9c6:43a1:1385:42e4
中国移动通信集团公司,2409:8c85:5431:843:6c55:5b48:876b:4e74,2409:8c85:5431:843:6c55:5b48:876b:4e74
中国移动通信集团公司,2409:8c85:5431:867:56c3:f095:ec0f:4e33,2409:8c85:5431:867:56c3:f095:ec0f:4e33
中国移动通信集团公司,2409:8c85:5431:843:b70d:7edb:b98:4789,2409:8c85:5431:843:b70d:7edb:b98:4789
中国移动通信集团公司,2409:8c85:5431:867:97ae:7537:6fdb:49a9,2409:8c85:5431:867:97ae:7537:6fdb:49a9
中国移动通信集团公司,36.141.21.141,36.141.21.141
中国移动通信集团公司,36.141.21.208,36.141.21.208
中国移动通信集团公司,36.141.21.235,36.141.21.235
中国移动通信集团公司,36.141.21.247,36.141.21.247
中国移动通信集团公司,36.141.21.155,36.141.21.155
中国移动通信集团公司,36.141.21.136,36.141.21.136
中国移动通信集团公司,36.141.21.246,36.141.21.246
中国移动通信集团公司,36.141.21.181,36.141.21.181
中国移动通信集团公司,36.141.21.245,36.141.21.245
中国移动通信集团公司,36.141.21.158,36.141.21.158
中国移动通信集团公司,36.141.21.201,36.141.21.201
中国移动通信集团公司,36.141.21.233,36.141.21.233
中国移动通信集团公司,36.141.21.236,36.141.21.236
中国移动通信集团公司,36.141.21.238,36.141.21.238
中国移动通信集团公司,2409:801a:3802:847:a565:b22a:317c:475b,2409:801a:3802:847:a565:b22a:317c:475b
中国移动通信集团公司,36.141.21.152,36.141.21.152
中国移动通信集团公司,2409:801a:3802:82e:a7fc:a9f7:6a26:4391,2409:801a:3802:82e:a7fc:a9f7:6a26:4391
中国移动通信集团公司,36.141.21.149,36.141.21.149
中国移动通信集团公司,2409:801a:3802:847:aa30:8ba7:65ea:4580,2409:801a:3802:847:aa30:8ba7:65ea:4580
中国移动通信集团公司,36.141.21.151,36.141.21.151
中国移动通信集团公司,2409:801a:3802:847:d9ef:3b3b:b27a:4265,2409:801a:3802:847:d9ef:3b3b:b27a:4265
中国移动通信集团公司,36.141.21.254,36.141.21.254
中国移动通信集团公司,2409:801a:3802:86b:3a6:6dd9:befc:4a74,2409:801a:3802:86b:3a6:6dd9:befc:4a74
中国移动通信集团公司,36.141.21.175,36.141.21.175
中国移动通信集团公司,2409:801a:3802:868:c582:3848:c035:4793,2409:801a:3802:868:c582:3848:c035:4793
中国移动通信集团公司,36.141.21.199,36.141.21.199
中国移动通信集团公司,2409:801a:3802:847:a9e0:b4d7:6ea2:4374,2409:801a:3802:847:a9e0:b4d7:6ea2:4374
中国移动通信集团公司,36.141.21.237,36.141.21.237
中国移动通信集团公司,2409:8c85:2802:800::91,2409:8c85:2802:800::91
中国移动通信集团公司,36.141.21.231,36.141.21.231
中国移动通信集团公司,2409:8c85:2802:82d::129,2409:8c85:2802:82d::129
中国移动通信集团公司,36.141.21.167,36.141.21.167
中国移动通信集团公司,2409:8c85:2802:87f::11,2409:8c85:2802:87f::11
中国移动通信集团公司,36.141.21.241,36.141.21.241
中国移动通信集团公司,2409:8c85:2802:81f::365,2409:8c85:2802:81f::365
中国移动通信集团公司,36.141.21.137,36.141.21.137
中国移动通信集团公司,2409:8c85:2802:81f::2a,2409:8c85:2802:81f::2a
中国移动通信集团公司,36.141.21.213,36.141.21.213
中国移动通信集团公司,2409:8c85:2802:81f::11dc,2409:8c85:2802:81f::11dc
中国移动通信集团公司,36.141.21.147,36.141.21.147
中国移动通信集团公司,2409:8c85:2802:864::288,2409:8c85:2802:864::288
中国移动通信集团公司,36.141.21.212,36.141.21.212
中国移动通信集团公司,2409:8c85:2802:8c4::453,2409:8c85:2802:8c4::453
中国移动通信集团公司,36.141.21.211,36.141.21.211
中国移动通信集团公司,2409:8c85:2802:8cb::b38,2409:8c85:2802:8cb::b38
中国移动通信集团公司,36.141.21.200,36.141.21.200
中国移动通信集团公司,2409:8c85:2802:8a1::4,2409:8c85:2802:8a1::4
中国移动通信集团公司,36.141.21.142,36.141.21.142
中国移动通信集团公司,2409:8c85:2802:8d0::acd,2409:8c85:2802:8d0::acd
中国移动通信集团公司,36.141.21.132,36.141.21.132
中国移动通信集团公司,36.141.21.202,36.141.21.202
中国移动通信集团公司,36.141.21.172,36.141.21.172
中国移动通信集团公司,36.141.21.210,36.141.21.210
中国移动通信集团公司,36.141.21.220,36.141.21.220
中国移动通信集团公司,36.141.21.222,36.141.21.222
中国移动通信集团公司,36.141.21.145,36.141.21.145
中国移动通信集团公司,36.141.21.173,36.141.21.173
中国移动通信集团公司,36.141.21.177,36.141.21.177
中国移动通信集团公司,36.141.21.153,36.141.21.153
中国移动通信集团公司,36.141.21.133,36.141.21.133
中国移动通信集团公司,36.141.21.193,36.141.21.193
中国移动通信集团公司,36.141.21.204,36.141.21.204
中国移动通信集团公司,36.141.21.148,36.141.21.148
中国移动通信集团公司,218.203.49.140,218.203.49.140
中国移动通信集团公司,36.141.21.230,36.141.21.230
中国移动通信集团公司,218.203.49.144,218.203.49.144
中国移动通信集团公司,36.141.21.251,36.141.21.251
中国移动通信集团公司,218.203.49.136,218.203.49.136
中国移动通信集团公司,36.141.21.225,36.141.21.225
中国移动通信集团公司,218.203.49.138,218.203.49.138
中国移动通信集团公司,36.141.21.164,36.141.21.164
中国移动通信集团公司,218.203.49.139,218.203.49.139
中国移动通信集团公司,36.141.21.163,36.141.21.163
中国移动通信集团公司,218.203.49.143,218.203.49.143
中国移动通信集团公司,36.141.21.219,36.141.21.219
中国移动通信集团公司,218.203.49.132,218.203.49.132
中国移动通信集团公司,36.141.21.182,36.141.21.182
中国移动通信集团公司,218.203.49.131,218.203.49.131
中国移动通信集团公司,36.141.21.253,36.141.21.253
中国移动通信集团公司,218.203.49.171,218.203.49.171
中国移动通信集团公司,36.141.21.224,36.141.21.224
中国移动通信集团公司,218.203.49.147,218.203.49.147
中国移动通信集团公司,36.141.21.150,36.141.21.150
中国移动通信集团公司,218.203.49.174,218.203.49.174
中国移动通信集团公司,36.141.21.140,36.141.21.140
中国移动通信集团公司,218.203.49.160,218.203.49.160
中国移动通信集团公司,36.141.21.221,36.141.21.221
中国移动通信集团公司,218.203.49.148,218.203.49.148
中国移动通信集团公司,36.141.21.234,36.141.21.234
中国移动通信集团公司,218.203.49.149,218.203.49.149
中国移动通信集团公司,36.141.21.239,36.141.21.239
中国移动通信集团公司,218.203.49.141,218.203.49.141
中国移动通信集团公司,36.141.21.244,36.141.21.244
中国移动通信集团公司,218.203.49.142,218.203.49.142
中国移动通信集团公司,36.141.21.146,36.141.21.146
中国移动通信集团公司,218.203.49.134,218.203.49.134
中国移动通信集团公司,36.141.21.218,36.141.21.218
中国移动通信集团公司,218.203.49.135,218.203.49.135
中国移动通信集团公司,36.141.21.227,36.141.21.227
中国移动通信集团公司,218.203.49.166,218.203.49.166
中国移动通信集团公司,36.141.21.217,36.141.21.217
中国移动通信集团公司,218.203.49.158,218.203.49.158
中国移动通信集团公司,36.141.21.216,36.141.21.216
中国移动通信集团公司,218.203.49.133,218.203.49.133
中国移动通信集团公司,36.141.21.170,36.141.21.170
中国移动通信集团公司,218.203.49.129,218.203.49.129
中国移动通信集团公司,36.141.21.214,36.141.21.214
中国移动通信集团公司,218.203.49.152,218.203.49.152
中国移动通信集团公司,36.141.21.215,36.141.21.215
中国移动通信集团公司,218.203.49.167,218.203.49.167
中国移动通信集团公司,36.141.21.171,36.141.21.171
中国移动通信集团公司,218.203.49.159,218.203.49.159
中国移动通信集团公司,36.141.21.162,36.141.21.162
中国移动通信集团公司,218.203.49.175,218.203.49.175
中国移动通信集团公司,36.141.21.209,36.141.21.209
中国移动通信集团公司,218.203.49.137,218.203.49.137
中国移动通信集团公司,36.141.21.134,36.141.21.134
中国移动通信集团公司,218.203.49.168,218.203.49.168
中国移动通信集团公司,36.141.21.138,36.141.21.138
中国移动通信集团公司,218.203.49.150,218.203.49.150
中国移动通信集团公司,36.141.21.226,36.141.21.226
中国移动通信集团公司,36.141.21.161,36.141.21.161
中国移动通信集团公司,36.141.21.131,36.141.21.131
中国移动通信集团公司,2409:8c85:5431:80c:a212:7df2:3b4a:463c,2409:8c85:5431:80c:a212:7df2:3b4a:463c
中国移动通信集团公司,36.141.21.249,36.141.21.249
中国移动通信集团公司,2409:8c85:5431:80c:1c83:5878:b961:4b3e,2409:8c85:5431:80c:1c83:5878:b961:4b3e
中国移动通信集团公司,36.141.21.154,36.141.21.154
中国移动通信集团公司,2409:8c85:5431:80c:349b:9bce:6d9b:4ac0,2409:8c85:5431:80c:349b:9bce:6d9b:4ac0
中国移动通信集团公司,36.141.21.178,36.141.21.178
中国移动通信集团公司,2409:8c85:5431:80c:da55:2645:787b:43b7,2409:8c85:5431:80c:da55:2645:787b:43b7
中国移动通信集团公司,36.141.21.179,36.141.21.179
中国移动通信集团公司,2409:8c85:5431:80c:b79c:1b40:48e8:48b9,2409:8c85:5431:80c:b79c:1b40:48e8:48b9
中国移动通信集团公司,36.141.21.252,36.141.21.252
中国移动通信集团公司,2409:8c85:5431:80c:4500:14d4:a9c0:456e,2409:8c85:5431:80c:4500:14d4:a9c0:456e
中国移动通信集团公司,36.141.21.143,36.141.21.143
中国移动通信集团公司,2409:8c85:5431:80c:cdb6:f7b:213c:43be,2409:8c85:5431:80c:cdb6:f7b:213c:43be
中国移动通信集团公司,36.141.21.139,36.141.21.139
中国移动通信集团公司,2409:8c85:5431:80c:c428:4884:b0d8:4eb2,2409:8c85:5431:80c:c428:4884:b0d8:4eb2
中国移动通信集团公司,36.141.21.129,36.141.21.129
中国移动通信集团公司,2409:8c85:5431:80c:6e69:8f96:30c4:451d,2409:8c85:5431:80c:6e69:8f96:30c4:451d
中国移动通信集团公司,2409:8c85:5431:80c:b7bd:2387:126c:479a,2409:8c85:5431:80c:b7bd:2387:126c:479a
中国移动通信集团公司,2409:8c85:5431:80c:b719:681e:72d3:42da,2409:8c85:5431:80c:b719:681e:72d3:42da
中国移动通信集团公司,2409:8c85:5431:80c:8102:2fcf:46a6:4ea7,2409:8c85:5431:80c:8102:2fcf:46a6:4ea7
中国移动通信集团公司,2409:8c85:5431:80c:4bc1:cd48:e0ea:4e1e,2409:8c85:5431:80c:4bc1:cd48:e0ea:4e1e
中国移动通信集团公司,2409:8c85:5431:80c:9cf5:9e2c:1f88:4b12,2409:8c85:5431:80c:9cf5:9e2c:1f88:4b12
中国移动通信集团公司,2409:8c85:5431:80c:9e90:d796:e23:4798,2409:8c85:5431:80c:9e90:d796:e23:4798
中国移动通信集团公司,2409:8c85:5431:80c:fee3:2d78:86c8:4282,2409:8c85:5431:80c:fee3:2d78:86c8:4282
中国移动通信集团公司,2409:8c85:5431:80c:91fc:4776:b7b1:4260,2409:8c85:5431:80c:91fc:4776:b7b1:4260
中国移动通信集团公司,2409:8c85:5431:80c:69b8:5077:e148:4451,2409:8c85:5431:80c:69b8:5077:e148:4451
中国移动通信集团公司,2409:8c85:5431:80c:a318:93a8:d30:4983,2409:8c85:5431:80c:a318:93a8:d30:4983
中国移动通信集团公司,2409:8c85:5431:80c:4e91:4cea:584e:410e,2409:8c85:5431:80c:4e91:4cea:584e:410e
中国移动通信集团公司,2409:8c85:5431:859:39f8:2f43:fa76:4c9c,2409:8c85:5431:859:39f8:2f43:fa76:4c9c
中国移动通信集团公司,2409:8c85:5431:859:3d1d:5514:dfd5:4da4,2409:8c85:5431:859:3d1d:5514:dfd5:4da4
中国移动通信集团公司,2409:8c85:5431:859:8d7a:1549:6c0e:4bce,2409:8c85:5431:859:8d7a:1549:6c0e:4bce
中国移动通信集团公司,2409:8c85:5431:859:a6c2:4430:c96f:45d1,2409:8c85:5431:859:a6c2:4430:c96f:45d1
中国移动通信集团公司,2409:8c85:5431:859:d4d1:bf07:f317:4e63,2409:8c85:5431:859:d4d1:bf07:f317:4e63
中国移动通信集团公司,2409:8c85:5431:859:f339:9c26:d11:4f9e,2409:8c85:5431:859:f339:9c26:d11:4f9e
中国移动通信集团公司,2409:8c85:5431:859:ce0c:68:193b:4189,2409:8c85:5431:859:ce0c:68:193b:4189
中国移动通信集团公司,2409:8c85:5431:858:3c59:dfe2:808d:43c8,2409:8c85:5431:858:3c59:dfe2:808d:43c8
中国移动通信集团公司,2409:8c85:5431:858:6c7:b311:3ef3:4cf5,2409:8c85:5431:858:6c7:b311:3ef3:4cf5
中国移动通信集团公司,2409:8c85:5431:858:81ad:b802:e56:49d3,2409:8c85:5431:858:81ad:b802:e56:49d3
中国移动通信集团公司,2409:8c85:5431:858:3260:dcee:4a52:4e7c,2409:8c85:5431:858:3260:dcee:4a52:4e7c
中国移动通信集团公司,2409:8c85:5431:858:c7dc:a442:8db1:4caa,2409:8c85:5431:858:c7dc:a442:8db1:4caa
中国移动通信集团公司,2409:8c85:5431:858:a0a5:98f9:e1a7:4f27,2409:8c85:5431:858:a0a5:98f9:e1a7:4f27
中国移动通信集团公司,2409:8c85:5431:858:2263:a72a:639c:456b,2409:8c85:5431:858:2263:a72a:639c:456b
中国移动通信集团公司,2409:8c85:5431:858:5cf2:b90a:204:4885,2409:8c85:5431:858:5cf2:b90a:204:4885
中国移动通信集团公司,36.141.20.233,36.141.20.233
中国移动通信集团公司,36.141.20.212,36.141.20.212
中国移动通信集团公司,36.141.20.143,36.141.20.143
中国移动通信集团公司,36.141.20.229,36.141.20.229
中国移动通信集团公司,36.141.20.244,36.141.20.244
中国移动通信集团公司,2409:8c85:6203:819::c63,2409:8c85:6203:819::c63
中国移动通信集团公司,36.141.20.215,36.141.20.215
中国移动通信集团公司,2409:8c85:6203:825::715,2409:8c85:6203:825::715
中国移动通信集团公司,36.141.20.226,36.141.20.226
中国移动通信集团公司,2409:8c85:6203:821::487,2409:8c85:6203:821::487
中国移动通信集团公司,36.141.20.151,36.141.20.151
中国移动通信集团公司,218.202.229.143,218.202.229.143
中国移动通信集团公司,36.141.20.192,36.141.20.192
中国移动通信集团公司,218.202.229.157,218.202.229.157
中国移动通信集团公司,36.141.20.180,36.141.20.180
中国移动通信集团公司,218.202.229.132,218.202.229.132
中国移动通信集团公司,36.141.20.236,36.141.20.236
中国移动通信集团公司,218.202.229.150,218.202.229.150
中国移动通信集团公司,36.141.20.234,36.141.20.234
中国移动通信集团公司,218.202.229.152,218.202.229.152
中国移动通信集团公司,36.141.20.217,36.141.20.217
中国移动通信集团公司,218.202.229.151,218.202.229.151
中国移动通信集团公司,36.141.20.139,36.141.20.139
中国移动通信集团公司,218.202.229.139,218.202.229.139
中国移动通信集团公司,36.141.20.179,36.141.20.179
中国移动通信集团公司,218.202.229.130,218.202.229.130
中国移动通信集团公司,36.141.20.221,36.141.20.221
中国移动通信集团公司,218.202.229.146,218.202.229.146
中国移动通信集团公司,36.141.20.250,36.141.20.250
中国移动通信集团公司,218.202.229.144,218.202.229.144
中国移动通信集团公司,36.141.20.230,36.141.20.230
中国移动通信集团公司,218.202.229.133,218.202.229.133
中国移动通信集团公司,36.141.20.220,36.141.20.220
中国移动通信集团公司,218.202.229.158,218.202.229.158
中国移动通信集团公司,36.141.20.223,36.141.20.223
中国移动通信集团公司,218.202.229.147,218.202.229.147
中国移动通信集团公司,36.141.20.237,36.141.20.237
中国移动通信集团公司,218.202.229.129,218.202.229.129
中国移动通信集团公司,36.141.20.208,36.141.20.208
中国移动通信集团公司,218.202.229.148,218.202.229.148
中国移动通信集团公司,36.141.20.224,36.141.20.224
中国移动通信集团公司,218.202.229.155,218.202.229.155
中国移动通信集团公司,36.141.20.199,36.141.20.199
中国移动通信集团公司,218.202.229.145,218.202.229.145
中国移动通信集团公司,36.141.20.214,36.141.20.214
中国移动通信集团公司,218.202.229.154,218.202.229.154
中国移动通信集团公司,36.141.20.213,36.141.20.213
中国移动通信集团公司,218.202.229.156,218.202.229.156
中国移动通信集团公司,36.141.20.169,36.141.20.169
中国移动通信集团公司,2409:8c85:1e00:806:493b:38c6:ec6d:4e1e,2409:8c85:1e00:806:493b:38c6:ec6d:4e1e
中国移动通信集团公司,36.141.20.187,36.141.20.187
中国移动通信集团公司,2409:8c85:1e00:806:3bc3:41d3:bc26:4452,2409:8c85:1e00:806:3bc3:41d3:bc26:4452
中国移动通信集团公司,36.141.20.158,36.141.20.158
中国移动通信集团公司,2409:8c85:1e00:806:7e7b:e8a6:a56a:4b55,2409:8c85:1e00:806:7e7b:e8a6:a56a:4b55
中国移动通信集团公司,36.141.20.202,36.141.20.202
中国移动通信集团公司,2409:8c85:1e00:806:634d:1764:af0b:408a,2409:8c85:1e00:806:634d:1764:af0b:408a
中国移动通信集团公司,36.141.20.203,36.141.20.203
中国移动通信集团公司,2409:8c85:1e00:805:97f3:7a84:c9ae:4f0e,2409:8c85:1e00:805:97f3:7a84:c9ae:4f0e
中国移动通信集团公司,36.141.20.193,36.141.20.193
中国移动通信集团公司,2409:8c85:1e00:805:85e3:1407:3fed:417a,2409:8c85:1e00:805:85e3:1407:3fed:417a
中国移动通信集团公司,36.141.20.185,36.141.20.185
中国移动通信集团公司,2409:8c85:1e00:805:3131:4b1c:d444:4baf,2409:8c85:1e00:805:3131:4b1c:d444:4baf
中国移动通信集团公司,36.141.20.149,36.141.20.149
中国移动通信集团公司,2409:8c85:1e00:805:d07c:a806:b094:4e6a,2409:8c85:1e00:805:d07c:a806:b094:4e6a
中国移动通信集团公司,36.141.20.200,36.141.20.200
中国移动通信集团公司,218.202.229.153,218.202.229.153
中国移动通信集团公司,36.141.20.197,36.141.20.197
中国移动通信集团公司,218.202.229.149,218.202.229.149
中国移动通信集团公司,36.141.20.209,36.141.20.209
中国移动通信集团公司,36.141.20.196,36.141.20.196
中国移动通信集团公司,36.141.20.168,36.141.20.168
中国移动通信集团公司,223.111.149.142,223.111.149.142
中国移动通信集团公司,36.141.20.157,36.141.20.157
中国移动通信集团公司,223.111.149.186,223.111.149.186
中国移动通信集团公司,36.141.20.218,36.141.20.218
中国移动通信集团公司,223.111.149.157,223.111.149.157
中国移动通信集团公司,36.141.20.178,36.141.20.178
中国移动通信集团公司,223.111.149.180,223.111.149.180
中国移动通信集团公司,36.141.20.198,36.141.20.198
中国移动通信集团公司,223.111.149.178,223.111.149.178
中国移动通信集团公司,36.141.20.146,36.141.20.146
中国移动通信集团公司,223.111.149.179,223.111.149.179
中国移动通信集团公司,36.141.20.150,36.141.20.150
中国移动通信集团公司,223.111.149.154,223.111.149.154
中国移动通信集团公司,36.141.20.205,36.141.20.205
中国移动通信集团公司,223.111.149.177,223.111.149.177
中国移动通信集团公司,36.141.20.140,36.141.20.140
中国移动通信集团公司,223.111.149.145,223.111.149.145
中国移动通信集团公司,36.141.20.204,36.141.20.204
中国移动通信集团公司,223.111.149.138,223.111.149.138
中国移动通信集团公司,36.141.20.191,36.141.20.191
中国移动通信集团公司,223.111.149.172,223.111.149.172
中国移动通信集团公司,36.141.20.133,36.141.20.133
中国移动通信集团公司,223.111.149.141,223.111.149.141
中国移动通信集团公司,36.141.20.186,36.141.20.186
中国移动通信集团公司,223.111.149.135,223.111.149.135
中国移动通信集团公司,36.141.20.136,36.141.20.136
中国移动通信集团公司,223.111.149.185,223.111.149.185
中国移动通信集团公司,36.141.20.144,36.141.20.144
中国移动通信集团公司,223.111.149.139,223.111.149.139
中国移动通信集团公司,36.141.20.211,36.141.20.211
中国移动通信集团公司,223.111.149.160,223.111.149.160
中国移动通信集团公司,36.141.20.232,36.141.20.232
中国移动通信集团公司,223.111.149.190,223.111.149.190
中国移动通信集团公司,36.141.20.242,36.141.20.242
中国移动通信集团公司,223.111.149.159,223.111.149.159
中国移动通信集团公司,36.141.20.225,36.141.20.225
中国移动通信集团公司,223.111.149.144,223.111.149.144
中国移动通信集团公司,36.141.20.241,36.141.20.241
中国移动通信集团公司,223.111.149.187,223.111.149.187
中国移动通信集团公司,36.141.20.231,36.141.20.231
中国移动通信集团公司,223.111.149.136,223.111.149.136
中国移动通信集团公司,36.141.20.177,36.141.20.177
中国移动通信集团公司,223.111.149.133,223.111.149.133
中国移动通信集团公司,36.141.20.249,36.141.20.249
中国移动通信集团公司,223.111.149.167,223.111.149.167
中国移动通信集团公司,36.141.20.228,36.141.20.228
中国移动通信集团公司,223.111.149.248,223.111.149.248
中国移动通信集团公司,36.141.20.235,36.141.20.235
中国移动通信集团公司,223.111.149.249,223.111.149.249
中国移动通信集团公司,36.141.20.141,36.141.20.141
中国移动通信集团公司,223.111.149.129,223.111.149.129
中国移动通信集团公司,36.141.20.153,36.141.20.153
中国移动通信集团公司,223.111.149.194,223.111.149.194
中国移动通信集团公司,223.111.149.191,223.111.149.191
中国移动通信集团公司,223.111.149.193,223.111.149.193
中国移动通信集团公司,223.111.149.192,223.111.149.192
中国移动通信集团公司,223.111.149.158,223.111.149.158
中国移动通信集团公司,223.111.149.156,223.111.149.156
中国移动通信集团公司,223.111.149.155,223.111.149.155
中国移动通信集团公司,223.111.149.241,223.111.149.241
中国移动通信集团公司,223.111.149.240,223.111.149.240
中国移动通信集团公司,223.111.149.242,223.111.149.242
中国移动通信集团公司,223.111.149.147,223.111.149.147
中国移动通信集团公司,223.111.149.151,223.111.149.151
中国移动通信集团公司,223.111.149.146,223.111.149.146
中国移动通信集团公司,223.111.149.143,223.111.149.143
中国移动通信集团公司,223.111.149.137,223.111.149.137
中国移动通信集团公司,223.111.149.239,223.111.149.239
中国移动通信集团公司,223.111.149.163,223.111.149.163
中国移动通信集团公司,223.111.149.236,223.111.149.236
中国移动通信集团公司,223.111.149.235,223.111.149.235
中国移动通信集团公司,223.111.149.161,223.111.149.161
中国移动通信集团公司,223.111.149.209,223.111.149.209
中国移动通信集团公司,223.111.149.149,223.111.149.149
中国移动通信集团公司,223.111.149.162,223.111.149.162
中国移动通信集团公司,223.111.149.227,223.111.149.227
中国移动通信集团公司,223.111.149.150,223.111.149.150
中国移动通信集团公司,223.111.149.166,223.111.149.166
中国移动通信集团公司,223.111.149.165,223.111.149.165
中国移动通信集团公司,223.111.149.247,223.111.149.247
中国移动通信集团公司,223.111.149.153,223.111.149.153
中国移动通信集团公司,223.111.149.175,223.111.149.175
中国移动通信集团公司,223.111.149.130,223.111.149.130
中国移动通信集团公司,223.111.149.169,223.111.149.169
中国移动通信集团公司,223.111.149.152,223.111.149.152
中国移动通信集团公司,223.111.149.226,223.111.149.226
中国移动通信集团公司,223.111.149.237,223.111.149.237
中国移动通信集团公司,223.111.149.170,223.111.149.170
中国移动通信集团公司,223.111.149.140,223.111.149.140
中国移动通信集团公司,223.111.149.184,223.111.149.184
中国移动通信集团公司,223.111.149.148,223.111.149.148
中国移动通信集团公司,223.111.149.225,223.111.149.225
中国移动通信集团公司,223.111.149.224,223.111.149.224
中国移动通信集团公司,223.111.149.223,223.111.149.223
中国移动通信集团公司,223.111.149.134,223.111.149.134
中国移动通信集团公司,2409:8c85:202b:87f:feeb:26e3:e13a:4bdb,2409:8c85:202b:87f:feeb:26e3:e13a:4bdb
中国移动通信集团公司,2409:8c85:202b:83b:53f6:d4fa:7aaa:4f04,2409:8c85:202b:83b:53f6:d4fa:7aaa:4f04
中国移动通信集团公司,2409:8c85:202b:899:53a9:b150:25f4:488e,2409:8c85:202b:899:53a9:b150:25f4:488e
中国移动通信集团公司,111.51.197.148,111.51.197.148
中国移动通信集团公司,111.51.197.138,111.51.197.138
中国移动通信集团公司,111.51.197.173,111.51.197.173
中国移动通信集团公司,111.51.197.129,111.51.197.129
中国移动通信集团公司,111.51.197.130,111.51.197.130
中国移动通信集团公司,111.51.197.131,111.51.197.131
中国移动通信集团公司,111.51.197.134,111.51.197.134
中国移动通信集团公司,111.51.197.136,111.51.197.136
中国移动通信集团公司,111.51.197.140,111.51.197.140
中国移动通信集团公司,111.51.197.145,111.51.197.145
中国移动通信集团公司,111.51.197.156,111.51.197.156
中国移动通信集团公司,111.51.197.172,111.51.197.172
中国移动通信集团公司,2409:8c85:7a01:841:4815:382e:dcb5:4ff5,2409:8c85:7a01:841:4815:382e:dcb5:4ff5
中国移动通信集团公司,2409:8c85:7a01:841:e226:9cea:cf33:408d,2409:8c85:7a01:841:e226:9cea:cf33:408d
中国移动通信集团公司,2409:8c85:7a01:841:9495:149e:17b:4962,2409:8c85:7a01:841:9495:149e:17b:4962
中国移动通信集团公司,2409:8c85:7a01:841:a953:337:d99b:478c,2409:8c85:7a01:841:a953:337:d99b:478c
中国移动通信集团公司,2409:8c85:7a01:841:f1fe:36eb:7fef:4c6e,2409:8c85:7a01:841:f1fe:36eb:7fef:4c6e
中国移动通信集团公司,2409:8c85:7a01:841:1799:1ffc:736d:4275,2409:8c85:7a01:841:1799:1ffc:736d:4275
中国移动通信集团公司,2409:8c85:7a01:841:1288:c882:de01:45e0,2409:8c85:7a01:841:1288:c882:de01:45e0
中国移动通信集团公司,2409:8c85:7a01:841:3fb:f622:5320:473d,2409:8c85:7a01:841:3fb:f622:5320:473d
中国移动通信集团公司,2409:8c85:7a01:841:f4df:12f5:1d1b:4544,2409:8c85:7a01:841:f4df:12f5:1d1b:4544
中国移动通信集团公司,2409:8c85:7a01:841:230c:b333:c1b8:4a4f,2409:8c85:7a01:841:230c:b333:c1b8:4a4f
中国移动通信集团公司,2409:8c85:7a01:857:687e:b2dc:18a3:473c,2409:8c85:7a01:857:687e:b2dc:18a3:473c
中国移动通信集团公司,2409:8c85:3c04:809::f2,2409:8c85:3c04:809::f2
中国移动通信集团公司,2409:8c85:3c04:805::3c,2409:8c85:3c04:805::3c
中国移动通信集团公司,2409:8c85:3c04:805::254,2409:8c85:3c04:805::254
中国移动通信集团公司,2409:8c85:3c04:803::1c0,2409:8c85:3c04:803::1c0
中国移动通信集团公司,2409:8c85:3c04:84f::151,2409:8c85:3c04:84f::151
中国移动通信集团公司,2409:8c85:3c04:872::a5,2409:8c85:3c04:872::a5
中国移动通信集团公司,2409:8c85:3c04:874::538,2409:8c85:3c04:874::538
中国移动通信集团公司,2409:8c85:3c04:875::90,2409:8c85:3c04:875::90
中国移动通信集团公司,2409:8c85:3c04:876::26,2409:8c85:3c04:876::26
中国移动通信集团公司,2409:8c85:3c04:877::bcb,2409:8c85:3c04:877::bcb
中国移动通信集团公司,2409:8c85:3c04:868::bb,2409:8c85:3c04:868::bb
中国移动通信集团公司,2409:8c85:3c04:878::95f,2409:8c85:3c04:878::95f
中国移动通信集团公司,2409:8c85:3c04:879::1249,2409:8c85:3c04:879::1249
中国移动通信集团公司,2409:8c85:3c04:879::c8,2409:8c85:3c04:879::c8
中国移动通信集团公司,2409:8c85:3c04:87a::6a,2409:8c85:3c04:87a::6a
中国移动通信集团公司,2409:8c85:3c04:87a::3b4,2409:8c85:3c04:87a::3b4
中国移动通信集团公司,2409:8c85:3c04:87b::123,2409:8c85:3c04:87b::123
中国移动通信集团公司,2409:8c85:3c04:87c::161,2409:8c85:3c04:87c::161
中国移动通信集团公司,2409:8c85:3c04:87d::9bd,2409:8c85:3c04:87d::9bd
中国移动通信集团公司,2409:8c85:3c04:87d::547,2409:8c85:3c04:87d::547
中国移动通信集团公司,2409:8c85:3c04:881::7cc,2409:8c85:3c04:881::7cc
中国移动通信集团公司,2409:8c85:3c04:81a::706,2409:8c85:3c04:81a::706
中国移动通信集团公司,36.141.20.148,36.141.20.148
中国移动通信集团公司,36.141.20.147,36.141.20.147
中国移动通信集团公司,36.141.20.243,36.141.20.243
中国移动通信集团公司,36.141.20.163,36.141.20.163
中国移动通信集团公司,36.141.20.145,36.141.20.145
中国移动通信集团公司,36.141.20.240,36.141.20.240
中国移动通信集团公司,36.141.20.161,36.141.20.161
中国移动通信集团公司,36.141.20.132,36.141.20.132
中国移动通信集团公司,36.141.20.251,36.141.20.251
中国移动通信集团公司,36.141.20.135,36.141.20.135
中国移动通信集团公司,36.141.20.173,36.141.20.173
中国移动通信集团公司,36.141.20.170,36.141.20.170
中国移动通信集团公司,36.141.20.216,36.141.20.216
中国移动通信集团公司,36.141.20.171,36.141.20.171
中国移动通信集团公司,36.141.20.130,36.141.20.130
中国移动通信集团公司,36.141.20.156,36.141.20.156
中国移动通信集团公司,36.141.20.238,36.141.20.238
中国移动通信集团公司,36.141.20.227,36.141.20.227
中国移动通信集团公司,36.141.20.239,36.141.20.239
中国移动通信集团公司,36.141.20.134,36.141.20.134
中国移动通信集团公司,36.141.20.222,36.141.20.222
中国移动通信集团公司,36.141.20.248,36.141.20.248
中国移动通信集团公司,36.141.20.219,36.141.20.219
中国移动通信集团公司,36.141.20.167,36.141.20.167
中国移动通信集团公司,36.141.20.206,36.141.20.206
中国移动通信集团公司,36.141.20.245,36.141.20.245
中国移动通信集团公司,36.141.20.246,36.141.20.246
中国移动通信集团公司,36.141.20.160,36.141.20.160
